Ligand.ApprovedSymbol,Receptor.ApprovedSymbol,Ligand.ApprovedSymbol,Receptor.ApprovedSymbol
A2M,LRP1,A2m,Lrp1
AANAT,MTNR1A,Aanat,Mtnr1a
AANAT,MTNR1B,Aanat,Mtnr1b
ADAM12,ITGA9,Adam12,Itga9
ADAM12,ITGB1,Adam12,Itgb1
ADAM12,SDC4,Adam12,Sdc4
ADAM15,ITGA5,Adam15,Itga5
ADAM15,ITGA9,Adam15,Itga9
ADAM15,ITGB1,Adam15,Itgb1
ADAM15,ITGB3,Adam15,Itgb3
ADAM17,ITGA5,Adam17,Itga5
ADAM17,ITGB1,Adam17,Itgb1
ADAM23,ITGA5,Adam23,Itga5
ADAM23,ITGB3,Adam23,Itgb3
ADAM2,ITGA6,Adam2,Itga6
ADAM2,ITGB1,Adam2,Itgb1
ADAM9,ITGA6,Adam9,Itga6
ADAM9,ITGAV,Adam9,Itgav
ADAM9,ITGB1,Adam9,Itgb1
ADAM9,ITGB5,Adam9,Itgb5
ADCYAP1,ADCYAP1R1,Adcyap1,Adcyap1r1
ADCYAP1,VIPR1,Adcyap1,Vipr1
ADCYAP1,VIPR2,Adcyap1,Vipr2
ADIPOQ,ADIPOR1,Adipoq,Adipor1
ADIPOQ,ADIPOR2,Adipoq,Adipor2
ADM2,CALCR,Adm2,Calcr
ADM2,CALCRL,Adm2,Calcrl
ADM2,RAMP1,Adm2,Ramp1
ADM,CALCR,Adm,Calcr
ADM,CALCRL,Adm,Calcrl
ADM,GPR182,Adm,Gpr182
ADM,MRGPRX2,Adm,Mrgprx2
ADM,RAMP2,Adm,Ramp2
AGRN,MUSK,Agrn,Musk
AGRP,MC3R,Agrp,Mc3r
AGRP,MC4R,Agrp,Mc4r
AGRP,MC5R,Agrp,Mc5r
AGT,AGTR1,Agt,Agtr1
AGT,AGTR2,Agt,Agtr2
AGT,LRP2,Agt,Lrp2
AGT,MAS1,Agt,Mas1
AMH,AMHR2,Amh,Amhr2
ANGPT1,TEK,Angpt1,Tek
ANGPT1,TIE1,Angpt1,Tie1
ANGPT2,TEK,Angpt2,Tek
ANGPT4,TEK,Angpt4,Tek
ANGPTL1,TEK,Angptl1,Tek
ANXA1,FPR1,Anxa1,Fpr1
ANXA1,FPR2,Anxa1,Fpr2
ANXA1,FPR3,Anxa1,Fpr3
APLN,APLNR,Apln,Aplnr
APOB,LDLR,Apob,Ldlr
APOE,LDLR,Apoe,Ldlr
APOE,LRP5,Apoe,Lrp5
APOE,LRP8,Apoe,Lrp8
APOE,SORL1,Apoe,Sorl1
APOE,VLDLR,Apoe,Vldlr
APP,FPR2,App,Fpr2
AREGB,EGFR,Aregb,Egfr
AREG,EGFR,Areg,Egfr
ARF1,PLD2,Arf1,Pld2
ARTN,GFRA3,Artn,Gfra3
ARTN,RET,Artn,Ret
ASIP,ATRN,Asip,Atrn
ASIP,MC1R,Asip,Mc1r
AVP,AVPR1A,Avp,Avpr1a
AVP,AVPR1B,Avp,Avpr1b
AVP,AVPR2,Avp,Avpr2
AVP,OXTR,Avp,Oxtr
BDNF,NGFR,Bdnf,Ngfr
BDNF,NGFRAP1,Bdnf,Ngfrap1
BDNF,NTRK2,Bdnf,Ntrk2
BMP10,ACVR2A,Bmp10,Acvr2a
BMP10,ACVRL1,Bmp10,Acvrl1
BMP10,BMPR1A,Bmp10,Bmpr1a
BMP10,BMPR1B,Bmp10,Bmpr1b
BMP10,BMPR2,Bmp10,Bmpr2
BMP15,ACVR2A,Bmp15,Acvr2a
BMP15,BMPR1A,Bmp15,Bmpr1a
BMP15,BMPR1B,Bmp15,Bmpr1b
BMP15,BMPR2,Bmp15,Bmpr2
BMP2,ACVR1,Bmp2,Acvr1
BMP2,ACVR2A,Bmp2,Acvr2a
BMP2,ACVR2B,Bmp2,Acvr2b
BMP2,BMPR1A,Bmp2,Bmpr1a
BMP2,BMPR1B,Bmp2,Bmpr1b
BMP2,BMPR2,Bmp2,Bmpr2
BMP3,ACVR2B,Bmp3,Acvr2b
BMP4,BMPR1A,Bmp4,Bmpr1a
BMP4,BMPR1B,Bmp4,Bmpr1b
BMP4,BMPR2,Bmp4,Bmpr2
BMP5,BMPR1A,Bmp5,Bmpr1a
BMP6,ACVR1,Bmp6,Acvr1
BMP6,ACVR2A,Bmp6,Acvr2a
BMP6,BMPR1A,Bmp6,Bmpr1a
BMP6,BMPR1B,Bmp6,Bmpr1b
BMP6,BMPR2,Bmp6,Bmpr2
BMP7,ACVR1,Bmp7,Acvr1
BMP7,ACVR2A,Bmp7,Acvr2a
BMP7,ACVR2B,Bmp7,Acvr2b
BMP7,BMPR1A,Bmp7,Bmpr1a
BMP7,BMPR1B,Bmp7,Bmpr1b
BMP7,BMPR2,Bmp7,Bmpr2
BTC,EGFR,Btc,Egfr
BTC,ERBB3,Btc,Erbb3
BTC,ERBB4,Btc,Erbb4
BTLA,TNFRSF14,Btla,Tnfrsf14
C3,C3AR1,C3,C3ar1
C3,ITGAX,C3,Itgax
C3,ITGB2,C3,Itgb2
C3,LRP1,C3,Lrp1
C5,C5AR1,C5,C5ar1
C5,C5AR2,C5,C5ar2
CALCA,CALCR,Calca,Calcr
CALCA,CALCRL,Calca,Calcrl
CALCA,RAMP1,Calca,Ramp1
CALCB,CALCR,Calcb,Calcr
CALCB,CALCRL,Calcb,Calcrl
CALCB,RAMP1,Calcb,Ramp1
CALR,SCARF1,Calr,Scarf1
CAMP,FPR2,Camp,Fpr2
CCK,CCKAR,Cck,Cckar
CCK,CCKBR,Cck,Cckbr
CCL11,ACKR2,Ccl11,Ackr2
CCL11,CCR2,Ccl11,Ccr2
CCL11,CCR3,Ccl11,Ccr3
CCL11,CCR5,Ccl11,Ccr5
CCL11,CXCR3,Ccl11,Cxcr3
CCL13,ACKR2,Ccl13,Ackr2
CCL13,CCR1,Ccl13,Ccr1
CCL13,CCR2,Ccl13,Ccr2
CCL13,CCR3,Ccl13,Ccr3
CCL13,CCR5,Ccl13,Ccr5
CCL13,CXCR3,Ccl13,Cxcr3
CCL14,ACKR2,Ccl14,Ackr2
CCL14,CCR1,Ccl14,Ccr1
CCL14,CCR5,Ccl14,Ccr5
CCL15,CCR1,Ccl15,Ccr1
CCL15,CCR3,Ccl15,Ccr3
CCL16,CCR1,Ccl16,Ccr1
CCL16,CCR2,Ccl16,Ccr2
CCL16,CCR5,Ccl16,Ccr5
CCL16,HRH4,Ccl16,Hrh4
CCL17,CCR4,Ccl17,Ccr4
CCL17,CCR8,Ccl17,Ccr8
CCL19,ACKR4,Ccl19,Ackr4
CCL19,CCR7,Ccl19,Ccr7
CCL19,CCRL2,Ccl19,Ccrl2
CCL19,CXCR3,Ccl19,Cxcr3
CCL1,CCR8,Ccl1,Ccr8
CCL20,CCR6,Ccl20,Ccr6
CCL20,CXCR3,Ccl20,Cxcr3
CCL21,ACKR4,Ccl21,Ackr4
CCL21,CCR7,Ccl21,Ccr7
CCL21,CXCR3,Ccl21,Cxcr3
CCL22,CCR4,Ccl22,Ccr4
CCL23,CCR1,Ccl23,Ccr1
CCL24,CCR2,Ccl24,Ccr2
CCL24,CCR3,Ccl24,Ccr3
CCL25,ACKR4,Ccl25,Ackr4
CCL25,CCR9,Ccl25,Ccr9
CCL26,CCR2,Ccl26,Ccr2
CCL26,CCR3,Ccl26,Ccr3
CCL27,CCR10,Ccl27,Ccr10
CCL28,CCR10,Ccl28,Ccr10
CCL28,CCR3,Ccl28,Ccr3
CCL2,ACKR2,Ccl2,Ackr2
CCL2,CCR1,Ccl2,Ccr1
CCL2,CCR2,Ccl2,Ccr2
CCL2,CCR3,Ccl2,Ccr3
CCL2,CCR4,Ccl2,Ccr4
CCL2,CCR5,Ccl2,Ccr5
CCL2,DARC,Ccl2,Darc
CCL3,CCR1,Ccl3,Ccr1
CCL3,CCR5,Ccl3,Ccr5
CCL4,ACKR2,Ccl4,Ackr2
CCL4,CCR1,Ccl4,Ccr1
CCL4,CCR5,Ccl4,Ccr5
CCL4,CCR8,Ccl4,Ccr8
CCL5,ACKR2,Ccl5,Ackr2
CCL5,CCR1,Ccl5,Ccr1
CCL5,CCR3,Ccl5,Ccr3
CCL5,CCR4,Ccl5,Ccr4
CCL5,CCR5,Ccl5,Ccr5
CCL5,CXCR3,Ccl5,Cxcr3
CCL5,DARC,Ccl5,Darc
CCL5,GPR75,Ccl5,Gpr75
CCL7,ACKR2,Ccl7,Ackr2
CCL7,CCR1,Ccl7,Ccr1
CCL7,CCR2,Ccl7,Ccr2
CCL7,CCR3,Ccl7,Ccr3
CCL7,CCR5,Ccl7,Ccr5
CCL7,CXCR3,Ccl7,Cxcr3
CCL8,ACKR2,Ccl8,Ackr2
CCL8,CCR1,Ccl8,Ccr1
CCL8,CCR2,Ccl8,Ccr2
CCL8,CCR3,Ccl8,Ccr3
CCL8,CCR5,Ccl8,Ccr5
CD24,SELP,Cd24,Selp
CD34,SELL,Cd34,Sell
CD40LG,CD40,Cd40lg,Cd40
CD55,CD97,Cd55,Cd97
CD70,CD27,Cd70,Cd27
CDH1,ITGAE,Cdh1,Itgae
CDH1,ITGB7,Cdh1,Itgb7
CFH,SELL,Cfh,Sell
CGA,FSHR,Cga,Fshr
CGA,LHCGR,Cga,Lhcgr
CGA,TSHR,Cga,Tshr
CGB,LHCGR,Cgb,Lhcgr
CHAD,ITGA2,Chad,Itga2
CHAD,ITGB1,Chad,Itgb1
CLCF1,CNTFR,Clcf1,Cntfr
CLCF1,CRLF1,Clcf1,Crlf1
CLCF1,IL6ST,Clcf1,Il6st
CLCF1,LIFR,Clcf1,Lifr
CNTF,CNTFR,Cntf,Cntfr
CNTF,IL6ST,Cntf,Il6st
CNTF,LIFR,Cntf,Lifr
COL18A1,GPC1,Col18a1,Gpc1
COL18A1,ITGA5,Col18a1,Itga5
COL18A1,ITGB1,Col18a1,Itgb1
COL1A1,DDR1,Col1a1,Ddr1
COL1A1,DDR2,Col1a1,Ddr2
COL1A1,ITGA11,Col1a1,Itga11
COL1A1,ITGA2,Col1a1,Itga2
COL1A1,ITGB1,Col1a1,Itgb1
COL2A1,ITGA10,Col2a1,Itga10
COL2A1,ITGA2,Col2a1,Itga2
COL2A1,ITGB1,Col2a1,Itgb1
COL4A1,ITGA1,Col4a1,Itga1
COL4A1,ITGB1,Col4a1,Itgb1
COL4A1,ITGB8,Col4a1,Itgb8
COL5A3,SDC3,Col5a3,Sdc3
CORT,GHSR,Cort,Ghsr
CORT,MRGPRX2,Cort,Mrgprx2
CORT,SSTR1,Cort,Sstr1
CORT,SSTR2,Cort,Sstr2
CORT,SSTR3,Cort,Sstr3
CORT,SSTR4,Cort,Sstr4
CORT,SSTR5,Cort,Sstr5
CRH,CRHR1,Crh,Crhr1
CRH,CRHR2,Crh,Crhr2
CRH,MC2R,Crh,Mc2r
CSF1,CSF1R,Csf1,Csf1r
CSF2,CSF1R,Csf2,Csf1r
CSF2,CSF2RA,Csf2,Csf2ra
CSF2,CSF2RB,Csf2,Csf2rb
CSF2,CSF3R,Csf2,Csf3r
CSF3,CSF1R,Csf3,Csf1r
CSF3,CSF3R,Csf3,Csf3r
CSH1,PRLR,Csh1,Prlr
CSH2,PRLR,Csh2,Prlr
CSHL1,PRLR,Cshl1,Prlr
CTF1,IL6ST,Ctf1,Il6st
CTF1,LIFR,Ctf1,Lifr
CTGF,ITGAM,Ctgf,Itgam
CTGF,ITGB2,Ctgf,Itgb2
CTGF,LRP6,Ctgf,Lrp6
CX3CL1,CX3CR1,Cx3cl1,Cx3cr1
CXCL10,CCR3,Cxcl10,Ccr3
CXCL10,CXCR3,Cxcl10,Cxcr3
CXCL11,ACKR3,Cxcl11,Ackr3
CXCL11,CCR3,Cxcl11,Ccr3
CXCL11,CXCR3,Cxcl11,Cxcr3
CXCL12,ACKR3,Cxcl12,Ackr3
CXCL12,CXCR3,Cxcl12,Cxcr3
CXCL12,CXCR4,Cxcl12,Cxcr4
CXCL13,CXCR5,Cxcl13,Cxcr5
CXCL16,CXCR6,Cxcl16,Cxcr6
CXCL1,CXCR1,Cxcl1,Cxcr1
CXCL1,CXCR2,Cxcl1,Cxcr2
CXCL1,DARC,Cxcl1,Darc
CXCL2,CXCR1,Cxcl2,Cxcr1
CXCL2,CXCR2,Cxcl2,Cxcr2
CXCL2,XCR1,Cxcl2,Xcr1
CXCL3,CXCR1,Cxcl3,Cxcr1
CXCL3,CXCR2,Cxcl3,Cxcr2
CXCL5,CXCR1,Cxcl5,Cxcr1
CXCL5,CXCR2,Cxcl5,Cxcr2
CXCL6,CXCR1,Cxcl6,Cxcr1
CXCL6,CXCR2,Cxcl6,Cxcr2
CXCL9,CCR3,Cxcl9,Ccr3
CXCL9,CXCR3,Cxcl9,Cxcr3
CYR61,ITGA5,Cyr61,Itga5
CYR61,ITGAM,Cyr61,Itgam
CYR61,ITGB2,Cyr61,Itgb2
CYR61,ITGB3,Cyr61,Itgb3
DEFB4A,CCR6,Defb4a,Ccr6
DEFB4B,CCR6,Defb4b,Ccr6
DHH,HHIP,Dhh,Hhip
DHH,PTCH2,Dhh,Ptch2
DKK1,KREMEN1,Dkk1,Kremen1
DKK1,KREMEN2,Dkk1,Kremen2
DKK1,LRP6,Dkk1,Lrp6
DKK2,LRP6,Dkk2,Lrp6
DLK1,NOTCH1,Dlk1,Notch1
DLL1,NOTCH1,Dll1,Notch1
DLL1,NOTCH2,Dll1,Notch2
DLL1,NOTCH3,Dll1,Notch3
DLL4,NOTCH1,Dll4,Notch1
DLL4,NOTCH2,Dll4,Notch2
DLL4,NOTCH3,Dll4,Notch3
DLL4,NOTCH4,Dll4,Notch4
EDA,EDA2R,Eda,Eda2r
EDA,EDAR,Eda,Edar
EDN1,EDNRA,Edn1,Ednra
EDN2,EDNRA,Edn2,Ednra
EDN3,EDNRB,Edn3,Ednrb
EFNA1,EPHA1,Efna1,Epha1
EFNA1,EPHA2,Efna1,Epha2
EFNA1,EPHA3,Efna1,Epha3
EFNA1,EPHA4,Efna1,Epha4
EFNA1,EPHA5,Efna1,Epha5
EFNA1,EPHA6,Efna1,Epha6
EFNA1,EPHA7,Efna1,Epha7
EFNA1,EPHA8,Efna1,Epha8
EFNA2,EPHA2,Efna2,Epha2
EFNA2,EPHA3,Efna2,Epha3
EFNA2,EPHA4,Efna2,Epha4
EFNA2,EPHA5,Efna2,Epha5
EFNA2,EPHA6,Efna2,Epha6
EFNA2,EPHA7,Efna2,Epha7
EFNA2,EPHA8,Efna2,Epha8
EFNA3,EPHA1,Efna3,Epha1
EFNA3,EPHA2,Efna3,Epha2
EFNA3,EPHA3,Efna3,Epha3
EFNA3,EPHA4,Efna3,Epha4
EFNA3,EPHA5,Efna3,Epha5
EFNA3,EPHA6,Efna3,Epha6
EFNA3,EPHA7,Efna3,Epha7
EFNA3,EPHA8,Efna3,Epha8
EFNA3,EPHB1,Efna3,Ephb1
EFNA4,EPHA2,Efna4,Epha2
EFNA4,EPHA3,Efna4,Epha3
EFNA4,EPHA4,Efna4,Epha4
EFNA4,EPHA5,Efna4,Epha5
EFNA4,EPHA6,Efna4,Epha6
EFNA4,EPHA7,Efna4,Epha7
EFNA4,EPHA8,Efna4,Epha8
EFNA5,EPHA2,Efna5,Epha2
EFNA5,EPHA3,Efna5,Epha3
EFNA5,EPHA4,Efna5,Epha4
EFNA5,EPHA5,Efna5,Epha5
EFNA5,EPHA6,Efna5,Epha6
EFNA5,EPHA7,Efna5,Epha7
EFNA5,EPHA8,Efna5,Epha8
EFNA5,EPHB2,Efna5,Ephb2
EFNB1,EPHB1,Efnb1,Ephb1
EFNB1,EPHB2,Efnb1,Ephb2
EFNB1,EPHB3,Efnb1,Ephb3
EFNB1,EPHB4,Efnb1,Ephb4
EFNB1,EPHB6,Efnb1,Ephb6
EFNB2,EPHA4,Efnb2,Epha4
EFNB2,EPHB1,Efnb2,Ephb1
EFNB2,EPHB2,Efnb2,Ephb2
EFNB2,EPHB3,Efnb2,Ephb3
EFNB2,EPHB4,Efnb2,Ephb4
EFNB2,EPHB6,Efnb2,Ephb6
EFNB3,EPHA4,Efnb3,Epha4
EFNB3,EPHB2,Efnb3,Ephb2
EFNB3,EPHB3,Efnb3,Ephb3
EFNB3,EPHB4,Efnb3,Ephb4
EGF,EGFR,Egf,Egfr
EPGN,EGFR,Epgn,Egfr
EPO,EPOR,Epo,Epor
EREG,EGFR,Ereg,Egfr
EREG,ERBB4,Ereg,Erbb4
F2,F2R,F2,F2r
F2,F2RL1,F2,F2rl1
F2,F2RL2,F2,F2rl2
F2,F2RL3,F2,F2rl3
F7,F3,F7,F3
F8,LRP1,F8,Lrp1
F9,LRP1,F9,Lrp1
FASLG,FAS,Faslg,Fas
FASLG,TNFRSF6B,Faslg,Tnfrsf6b
FGA,ITGAX,Fga,Itgax
FGA,ITGB2,Fga,Itgb2
FGF10,FGFR2,Fgf10,Fgfr2
FGF16,FGFR2,Fgf16,Fgfr2
FGF16,FGFR3,Fgf16,Fgfr3
FGF16,FGFR4,Fgf16,Fgfr4
FGF17,FGFR1,Fgf17,Fgfr1
FGF17,FGFR2,Fgf17,Fgfr2
FGF17,FGFR3,Fgf17,Fgfr3
FGF17,FGFR4,Fgf17,Fgfr4
FGF18,FGFR1,Fgf18,Fgfr1
FGF18,FGFR2,Fgf18,Fgfr2
FGF18,FGFR3,Fgf18,Fgfr3
FGF18,FGFR4,Fgf18,Fgfr4
FGF19,FGFR1,Fgf19,Fgfr1
FGF19,FGFR2,Fgf19,Fgfr2
FGF19,FGFR3,Fgf19,Fgfr3
FGF19,FGFR4,Fgf19,Fgfr4
FGF1,FGFR1,Fgf1,Fgfr1
FGF1,FGFR2,Fgf1,Fgfr2
FGF1,FGFR3,Fgf1,Fgfr3
FGF1,FGFR4,Fgf1,Fgfr4
FGF22,FGFR2,Fgf22,Fgfr2
FGF23,FGFR1,Fgf23,Fgfr1
FGF23,FGFR2,Fgf23,Fgfr2
FGF23,FGFR4,Fgf23,Fgfr4
FGF2,FGFR1,Fgf2,Fgfr1
FGF2,FGFR2,Fgf2,Fgfr2
FGF2,FGFR3,Fgf2,Fgfr3
FGF2,FGFR4,Fgf2,Fgfr4
FGF2,SDC2,Fgf2,Sdc2
FGF2,SDC4,Fgf2,Sdc4
FGF3,FGFR1,Fgf3,Fgfr1
FGF3,FGFR2,Fgf3,Fgfr2
FGF4,FGFR1,Fgf4,Fgfr1
FGF4,FGFR2,Fgf4,Fgfr2
FGF4,FGFR3,Fgf4,Fgfr3
FGF4,FGFR4,Fgf4,Fgfr4
FGF5,FGFR1,Fgf5,Fgfr1
FGF5,FGFR2,Fgf5,Fgfr2
FGF5,FGFR3,Fgf5,Fgfr3
FGF5,FGFR4,Fgf5,Fgfr4
FGF6,FGFR1,Fgf6,Fgfr1
FGF6,FGFR2,Fgf6,Fgfr2
FGF6,FGFR4,Fgf6,Fgfr4
FGF7,FGFR2,Fgf7,Fgfr2
FGF8,FGFR1,Fgf8,Fgfr1
FGF8,FGFR2,Fgf8,Fgfr2
FGF8,FGFR3,Fgf8,Fgfr3
FGF8,FGFR4,Fgf8,Fgfr4
FGF9,FGFR1,Fgf9,Fgfr1
FGF9,FGFR2,Fgf9,Fgfr2
FGF9,FGFR3,Fgf9,Fgfr3
FGF9,FGFR4,Fgf9,Fgfr4
FIGF,FLT4,Figf,Flt4
FIGF,KDR,Figf,Kdr
FIGF,NRP2,Figf,Nrp2
FLT3LG,FLT3,Flt3lg,Flt3
FN1,ITGA2,Fn1,Itga2
FN1,ITGA2B,Fn1,Itga2b
FN1,ITGA4,Fn1,Itga4
FN1,ITGA5,Fn1,Itga5
FN1,ITGA8,Fn1,Itga8
FN1,ITGB1,Fn1,Itgb1
FN1,ITGB3,Fn1,Itgb3
FN1,ITGB6,Fn1,Itgb6
FN1,ITGB8,Fn1,Itgb8
FN1,SDC2,Fn1,Sdc2
FSHB,FSHR,Fshb,Fshr
GALP,GALR1,Galp,Galr1
GALP,GALR2,Galp,Galr2
GALP,GALR3,Galp,Galr3
GAL,GALR1,Gal,Galr1
GAL,GALR2,Gal,Galr2
GAL,GALR3,Gal,Galr3
GAS6,AXL,Gas6,Axl
GAS6,MERTK,Gas6,Mertk
GAS6,TYRO3,Gas6,Tyro3
GAST,CCKBR,Gast,Cckbr
GCG,GCGR,Gcg,Gcgr
GCG,GLP1R,Gcg,Glp1r
GCG,GLP2R,Gcg,Glp2r
GDF11,ACVR1B,Gdf11,Acvr1b
GDF11,ACVR2A,Gdf11,Acvr2a
GDF11,ACVR2B,Gdf11,Acvr2b
GDF2,ACVRL1,Gdf2,Acvrl1
GDF5,BMPR1B,Gdf5,Bmpr1b
GDF5,BMPR2,Gdf5,Bmpr2
GDF5,ROR2,Gdf5,Ror2
GDF6,BMPR1A,Gdf6,Bmpr1a
GDF6,BMPR2,Gdf6,Bmpr2
GDF7,ACVR2A,Gdf7,Acvr2a
GDF7,BMPR1A,Gdf7,Bmpr1a
GDF7,BMPR2,Gdf7,Bmpr2
GDF9,BMPR2,Gdf9,Bmpr2
GDF9,TGFBR1,Gdf9,Tgfbr1
GDNF,GFRA1,Gdnf,Gfra1
GDNF,GFRA2,Gdnf,Gfra2
GDNF,RET,Gdnf,Ret
GH1,GHR,Gh1,Ghr
GH2,GHR,Gh2,Ghr
GHRH,GHRHR,Ghrh,Ghrhr
GHRH,VIPR1,Ghrh,Vipr1
GHRL,GHSR,Ghrl,Ghsr
GHRL,GPR39,Ghrl,Gpr39
GIP,GIPR,Gip,Gipr
GNRH1,GNRHR,Gnrh1,Gnrhr
GNRH2,GNRHR,Gnrh2,Gnrhr
GPHA2,TSHR,Gpha2,Tshr
GPI,AMFR,Gpi,Amfr
GRP,GRPR,Grp,Grpr
GSTP1,TRAF2,Gstp1,Traf2
GUCA2A,GUCY2C,Guca2a,Gucy2c
GUCA2B,GUCY2C,Guca2b,Gucy2c
GZMB,IGF2R,Gzmb,Igf2r
HAS2,CD44,Has2,Cd44
HAS2,HMMR,Has2,Hmmr
HBEGF,EGFR,Hbegf,Egfr
HBEGF,ERBB4,Hbegf,Erbb4
HCRT,HCRTR1,Hcrt,Hcrtr1
HCRT,HCRTR2,Hcrt,Hcrtr2
HEBP1,FPR3,Hebp1,Fpr3
HGF,MET,Hgf,Met
HLA-A,KIR3DL2,Hla-a,Kir3dl2
HLA-B,KIR3DL1,Hla-b,Kir3dl1
HLA-C,KIR2DL1,Hla-c,Kir2dl1
HLA-C,KIR2DL3,Hla-c,Kir2dl3
HLA-C,KIR2DS4,Hla-c,Kir2ds4
HLA-E,KLRC1,Hla-e,Klrc1
HLA-E,KLRC2,Hla-e,Klrc2
HLA-E,KLRD1,Hla-e,Klrd1
HLA-G,KIR2DL4,Hla-g,Kir2dl4
HLA-G,KLRC1,Hla-g,Klrc1
HLA-G,KLRD1,Hla-g,Klrd1
HLA-G,LILRB1,Hla-g,Lilrb1
HSPG2,PTPRS,Hspg2,Ptprs
IAPP,CALCR,Iapp,Calcr
ICAM1,ITGAL,Icam1,Itgal
ICAM1,ITGAX,Icam1,Itgax
ICAM1,ITGB2,Icam1,Itgb2
ICAM2,ITGAL,Icam2,Itgal
ICAM2,ITGB2,Icam2,Itgb2
ICAM3,ITGAL,Icam3,Itgal
ICAM3,ITGB2,Icam3,Itgb2
ICAM4,ITGA2B,Icam4,Itga2b
ICAM4,ITGAL,Icam4,Itgal
ICAM4,ITGAM,Icam4,Itgam
ICAM4,ITGAV,Icam4,Itgav
ICAM4,ITGB2,Icam4,Itgb2
ICAM4,ITGB3,Icam4,Itgb3
ICAM5,ITGAL,Icam5,Itgal
ICAM5,ITGB2,Icam5,Itgb2
IFNA10,IFNAR1,Ifna10,Ifnar1
IFNA10,IFNAR2,Ifna10,Ifnar2
IFNA13,IFNAR1,Ifna13,Ifnar1
IFNA13,IFNAR2,Ifna13,Ifnar2
IFNA14,IFNAR1,Ifna14,Ifnar1
IFNA14,IFNAR2,Ifna14,Ifnar2
IFNA16,IFNAR1,Ifna16,Ifnar1
IFNA16,IFNAR2,Ifna16,Ifnar2
IFNA17,IFNAR1,Ifna17,Ifnar1
IFNA17,IFNAR2,Ifna17,Ifnar2
IFNA1,IFNAR1,Ifna1,Ifnar1
IFNA1,IFNAR2,Ifna1,Ifnar2
IFNA21,IFNAR1,Ifna21,Ifnar1
IFNA21,IFNAR2,Ifna21,Ifnar2
IFNA2,IFNAR1,Ifna2,Ifnar1
IFNA2,IFNAR2,Ifna2,Ifnar2
IFNA4,IFNAR1,Ifna4,Ifnar1
IFNA4,IFNAR2,Ifna4,Ifnar2
IFNA5,IFNAR1,Ifna5,Ifnar1
IFNA5,IFNAR2,Ifna5,Ifnar2
IFNA6,IFNAR1,Ifna6,Ifnar1
IFNA6,IFNAR2,Ifna6,Ifnar2
IFNA7,IFNAR1,Ifna7,Ifnar1
IFNA7,IFNAR2,Ifna7,Ifnar2
IFNA8,IFNAR1,Ifna8,Ifnar1
IFNA8,IFNAR2,Ifna8,Ifnar2
IFNB1,IFNAR1,Ifnb1,Ifnar1
IFNB1,IFNAR2,Ifnb1,Ifnar2
IFNG,IFNGR1,Ifng,Ifngr1
IFNG,IFNGR2,Ifng,Ifngr2
IFNL1,IFNLR1,Ifnl1,Ifnlr1
IFNL1,IL10RB,Ifnl1,Il10rb
IFNL2,IFNLR1,Ifnl2,Ifnlr1
IFNL2,IL10RB,Ifnl2,Il10rb
IFNL3,IFNLR1,Ifnl3,Ifnlr1
IFNL3,IL10RB,Ifnl3,Il10rb
IFNW1,IFNAR1,Ifnw1,Ifnar1
IFNW1,IFNAR2,Ifnw1,Ifnar2
IGF1,IGF1R,Igf1,Igf1r
IGF2,IGF1R,Igf2,Igf1r
IGF2,IGF2R,Igf2,Igf2r
IGF2,INSR,Igf2,Insr
IHH,HHIP,Ihh,Hhip
IHH,PTCH1,Ihh,Ptch1
IL10,IL10RA,Il10,Il10ra
IL10,IL10RB,Il10,Il10rb
IL11,IL11RA,Il11,Il11ra
IL11,IL6ST,Il11,Il6st
IL12A,IL12RB1,Il12a,Il12rb1
IL12A,IL12RB2,Il12a,Il12rb2
IL12B,IL12RB1,Il12b,Il12rb1
IL12B,IL12RB2,Il12b,Il12rb2
IL13,IL13RA1,Il13,Il13ra1
IL13,IL13RA2,Il13,Il13ra2
IL13,IL2RG,Il13,Il2rg
IL13,IL4R,Il13,Il4r
IL15,IL15RA,Il15,Il15ra
IL15,IL2RB,Il15,Il2rb
IL15,IL2RG,Il15,Il2rg
IL16,CD4,Il16,Cd4
IL17A,IL17RA,Il17a,Il17ra
IL17B,IL17RB,Il17b,Il17rb
IL18,IL18R1,Il18,Il18r1
IL18,IL18RAP,Il18,Il18rap
IL18,IL1RAPL1,Il18,Il1rapl1
IL19,IL20RA,Il19,Il20ra
IL19,IL20RB,Il19,Il20rb
IL1A,IL1R1,Il1a,Il1r1
IL1A,IL1R2,Il1a,Il1r2
IL1B,IL1R1,Il1b,Il1r1
IL1B,IL1R2,Il1b,Il1r2
IL1B,IL1RAP,Il1b,Il1rap
IL1RN,IL1R1,Il1rn,Il1r1
IL1RN,IL1R2,Il1rn,Il1r2
IL20,IL20RA,Il20,Il20ra
IL20,IL20RB,Il20,Il20rb
IL20,IL22RA1,Il20,Il22ra1
IL21,IL21R,Il21,Il21r
IL21,IL2RG,Il21,Il2rg
IL22,IL10RA,Il22,Il10ra
IL22,IL22RA1,Il22,Il22ra1
IL22,IL22RA2,Il22,Il22ra2
IL23A,IL12RB1,Il23a,Il12rb1
IL23A,IL23R,Il23a,Il23r
IL24,IL20RA,Il24,Il20ra
IL24,IL20RB,Il24,Il20rb
IL24,IL22RA1,Il24,Il22ra1
IL25,IL17RB,Il25,Il17rb
IL2,IL2RA,Il2,Il2ra
IL2,IL2RB,Il2,Il2rb
IL2,IL2RG,Il2,Il2rg
IL31,IL31RA,Il31,Il31ra
IL31,OSMR,Il31,Osmr
IL3,CSF2RB,Il3,Csf2rb
IL3,IL3RA,Il3,Il3ra
IL4,IL13RA1,Il4,Il13ra1
IL4,IL2RG,Il4,Il2rg
IL4,IL4R,Il4,Il4r
IL5,CSF2RB,Il5,Csf2rb
IL5,IL5RA,Il5,Il5ra
IL6,IL6R,Il6,Il6r
IL6,IL6ST,Il6,Il6st
IL7,IL2RG,Il7,Il2rg
IL7,IL7R,Il7,Il7r
IL8,CXCR1,Il8,Cxcr1
IL8,CXCR2,Il8,Cxcr2
IL8,DARC,Il8,Darc
IL9,IL2RG,Il9,Il2rg
IL9,IL9R,Il9,Il9r
INHA,ACVR2A,Inha,Acvr2a
INHA,TGFBR3,Inha,Tgfbr3
INHBA,ACVR1,Inhba,Acvr1
INHBA,ACVR1B,Inhba,Acvr1b
INHBA,ACVR2A,Inhba,Acvr2a
INHBA,ACVR2B,Inhba,Acvr2b
INHBA,BAMBI,Inhba,Bambi
INHBB,ACVR1,Inhbb,Acvr1
INHBB,ACVR1B,Inhbb,Acvr1b
INHBB,ACVR2A,Inhbb,Acvr2a
INHBB,ACVR2B,Inhbb,Acvr2b
INHBC,ACVR1,Inhbc,Acvr1
INHBC,ACVR1B,Inhbc,Acvr1b
INHBC,ACVR2A,Inhbc,Acvr2a
INHBC,ACVR2B,Inhbc,Acvr2b
INSL3,RXFP2,Insl3,Rxfp2
INSL5,RXFP3,Insl5,Rxfp3
INSL5,RXFP4,Insl5,Rxfp4
INS,INSR,Ins,Insr
JAG1,NOTCH1,Jag1,Notch1
JAG1,NOTCH2,Jag1,Notch2
JAG1,NOTCH3,Jag1,Notch3
JAG1,NOTCH4,Jag1,Notch4
JAG2,NOTCH1,Jag2,Notch1
JAG2,NOTCH2,Jag2,Notch2
JAG2,NOTCH3,Jag2,Notch3
KISS1,KISS1R,Kiss1,Kiss1r
KITLG,KIT,Kitlg,Kit
KNG1,BDKRB1,Kng1,Bdkrb1
KNG1,BDKRB2,Kng1,Bdkrb2
KNG1,GPR135,Kng1,Gpr135
LAMA1,ITGA7,Lama1,Itga7
LAMA1,ITGB1,Lama1,Itgb1
LAMA1,ITGB8,Lama1,Itgb8
LAMA1,RPSA,Lama1,Rpsa
LAMA2,ITGA7,Lama2,Itga7
LAMA2,ITGB1,Lama2,Itgb1
LAMA2,RPSA,Lama2,Rpsa
LAMB1,ITGA6,Lamb1,Itga6
LAMB1,ITGB1,Lamb1,Itgb1
LAMB2,RPSA,Lamb2,Rpsa
LAMC2,ITGA3,Lamc2,Itga3
LAMC2,ITGA6,Lamc2,Itga6
LAMC2,ITGB1,Lamc2,Itgb1
LAMC2,ITGB4,Lamc2,Itgb4
LEFTY2,ACVR2B,Lefty2,Acvr2b
LEP,LEPR,Lep,Lepr
LHB,LHCGR,Lhb,Lhcgr
LIF,IL6ST,Lif,Il6st
LIF,LIFR,Lif,Lifr
LIPH,LPAR1,Liph,Lpar1
LIPH,LPAR2,Liph,Lpar2
LIPH,LPAR4,Liph,Lpar4
LRPAP1,LRP1,Lrpap1,Lrp1
LTA,LTBR,Lta,Ltbr
LTA,TNFRSF14,Lta,Tnfrsf14
LTA,TNFRSF1A,Lta,Tnfrsf1a
LTA,TNFRSF1B,Lta,Tnfrsf1b
LTB,CD40,Ltb,Cd40
LTB,LTBR,Ltb,Ltbr
LTF,LRP1,Ltf,Lrp1
LTF,LRP11,Ltf,Lrp11
MADCAM1,ITGA4,Madcam1,Itga4
MADCAM1,ITGB7,Madcam1,Itgb7
MDK,ALK,Mdk,Alk
MDK,PTPRZ1,Mdk,Ptprz1
MLN,MLNR,Mln,Mlnr
MMP13,LRP1,Mmp13,Lrp1
MMP9,LRP1,Mmp9,Lrp1
MST1,MST1R,Mst1,Mst1r
NAMPT,INSR,Nampt,Insr
NCAM1,ROBO1,Ncam1,Robo1
NCAM1,ROBO3,Ncam1,Robo3
NDP,FZD4,Ndp,Fzd4
NDP,LGR4,Ndp,Lgr4
NGF,NGFR,Ngf,Ngfr
NGF,NTRK1,Ngf,Ntrk1
NGF,SORT1,Ngf,Sort1
NID1,PTPRF,Nid1,Ptprf
NLGN1,NRXN1,Nlgn1,Nrxn1
NLGN1,NRXN3,Nlgn1,Nrxn3
NLGN2,NRXN1,Nlgn2,Nrxn1
NLGN2,NRXN2,Nlgn2,Nrxn2
NLGN2,NRXN3,Nlgn2,Nrxn3
NLGN3,NRXN1,Nlgn3,Nrxn1
NLGN3,NRXN2,Nlgn3,Nrxn2
NLGN3,NRXN3,Nlgn3,Nrxn3
NMB,GRPR,Nmb,Grpr
NMB,NMBR,Nmb,Nmbr
NMS,NMUR1,Nms,Nmur1
NMS,NMUR2,Nms,Nmur2
NMU,NMUR1,Nmu,Nmur1
NMU,NMUR2,Nmu,Nmur2
NODAL,ACVR1B,Nodal,Acvr1b
NODAL,ACVR1C,Nodal,Acvr1c
NODAL,ACVR2A,Nodal,Acvr2a
NODAL,ACVR2B,Nodal,Acvr2b
NOV,NOTCH1,Nov,Notch1
NPB,NPBWR1,Npb,Npbwr1
NPB,NPBWR2,Npb,Npbwr2
NPFF,NPFFR1,Npff,Npffr1
NPFF,NPFFR2,Npff,Npffr2
NPNT,ITGA8,Npnt,Itga8
NPNT,ITGB1,Npnt,Itgb1
NPPA,NPR1,Nppa,Npr1
NPPA,NPR3,Nppa,Npr3
NPPB,NPR1,Nppb,Npr1
NPPB,NPR2,Nppb,Npr2
NPPB,NPR3,Nppb,Npr3
NPPC,NPR2,Nppc,Npr2
NPS,NPSR1,Nps,Npsr1
NPVF,NPFFR1,Npvf,Npffr1
NPVF,NPFFR2,Npvf,Npffr2
NPW,NPBWR1,Npw,Npbwr1
NPW,NPBWR2,Npw,Npbwr2
NPY,NPY1R,Npy,Npy1r
NPY,NPY2R,Npy,Npy2r
NPY,NPY4R,Npy,Npy4r
NPY,NPY5R,Npy,Npy5r
NPY,PRLHR,Npy,Prlhr
NRG1,ERBB2,Nrg1,Erbb2
NRG1,ERBB3,Nrg1,Erbb3
NRG1,ERBB4,Nrg1,Erbb4
NRG2,ERBB3,Nrg2,Erbb3
NRG2,ERBB4,Nrg2,Erbb4
NRG3,ERBB4,Nrg3,Erbb4
NRG4,ERBB4,Nrg4,Erbb4
NRTN,GFRA1,Nrtn,Gfra1
NRTN,GFRA2,Nrtn,Gfra2
NRTN,RET,Nrtn,Ret
NTF3,NGFR,Ntf3,Ngfr
NTF3,NTRK1,Ntf3,Ntrk1
NTF3,NTRK2,Ntf3,Ntrk2
NTF3,NTRK3,Ntf3,Ntrk3
NTF4,NGFR,Ntf4,Ngfr
NTF4,NGFRAP1,Ntf4,Ngfrap1
NTF4,NTRK1,Ntf4,Ntrk1
NTF4,NTRK2,Ntf4,Ntrk2
NTN1,DCC,Ntn1,Dcc
NTN1,UNC5C,Ntn1,Unc5c
NTN3,CDON,Ntn3,Cdon
NTN3,NEO1,Ntn3,Neo1
NTN4,DCC,Ntn4,Dcc
NTN4,UNC5A,Ntn4,Unc5a
NTNG1,LRRC4C,Ntng1,Lrrc4c
NTS,NTSR1,Nts,Ntsr1
NTS,NTSR2,Nts,Ntsr2
NXPH1,NRXN1,Nxph1,Nrxn1
NXPH1,NRXN2,Nxph1,Nrxn2
NXPH1,NRXN3,Nxph1,Nrxn3
NXPH3,NRXN1,Nxph3,Nrxn1
NXPH3,NRXN2,Nxph3,Nrxn2
NXPH3,NRXN3,Nxph3,Nrxn3
OMG,LINGO1,Omg,Lingo1
OMG,TNFRSF1B,Omg,Tnfrsf1b
OSM,IL6ST,Osm,Il6st
OSM,LIFR,Osm,Lifr
OSM,OSMR,Osm,Osmr
OSTN,NPR3,Ostn,Npr3
OXT,AVPR1A,Oxt,Avpr1a
OXT,AVPR1B,Oxt,Avpr1b
OXT,AVPR2,Oxt,Avpr2
OXT,OXTR,Oxt,Oxtr
PDGFA,PDGFRA,Pdgfa,Pdgfra
PDGFB,PDGFRA,Pdgfb,Pdgfra
PDGFB,PDGFRB,Pdgfb,Pdgfrb
PDGFC,FLT4,Pdgfc,Flt4
PDGFC,KDR,Pdgfc,Kdr
PDGFC,PDGFRA,Pdgfc,Pdgfra
PDGFD,PDGFRB,Pdgfd,Pdgfrb
PDYN,OPRD1,Pdyn,Oprd1
PDYN,OPRK1,Pdyn,Oprk1
PDYN,OPRM1,Pdyn,Oprm1
PENK,MRGPRX1,Penk,Mrgprx1
PENK,OGFR,Penk,Ogfr
PENK,OPRD1,Penk,Oprd1
PENK,OPRM1,Penk,Oprm1
PF4,FGFR2,Pf4,Fgfr2
PF4,LDLR,Pf4,Ldlr
PF4,PROCR,Pf4,Procr
PF4,THBD,Pf4,Thbd
PGF,FLT1,Pgf,Flt1
PGF,NRP1,Pgf,Nrp1
PLAT,LRP1,Plat,Lrp1
PLAU,LRP1,Plau,Lrp1
PLAU,PLAUR,Plau,Plaur
PLG,ITGA9,Plg,Itga9
PLG,ITGB1,Plg,Itgb1
PMCH,MCHR1,Pmch,Mchr1
PMCH,MCHR2,Pmch,Mchr2
PNOC,OPRL1,Pnoc,Oprl1
PODXL2,SELL,Podxl2,Sell
POMC,MC1R,Pomc,Mc1r
POMC,MC2R,Pomc,Mc2r
POMC,MC3R,Pomc,Mc3r
POMC,MC4R,Pomc,Mc4r
POMC,MC5R,Pomc,Mc5r
POMC,OPRD1,Pomc,Oprd1
POMC,OPRK1,Pomc,Oprk1
POMC,OPRM1,Pomc,Oprm1
PPBP,CXCR1,Ppbp,Cxcr1
PPBP,CXCR2,Ppbp,Cxcr2
PPY,NPY4R,Ppy,Npy4r
PPY,NPY5R,Ppy,Npy5r
PRLH,PRLHR,Prlh,Prlhr
PRL,PRLR,Prl,Prlr
PRND,RPSA,Prnd,Rpsa
PROC,PROCR,Proc,Procr
PROK1,PROKR1,Prok1,Prokr1
PROK1,PROKR2,Prok1,Prokr2
PROK2,PROKR1,Prok2,Prokr1
PROK2,PROKR2,Prok2,Prokr2
PROS1,AXL,Pros1,Axl
PROS1,TYRO3,Pros1,Tyro3
PSAP,GPR37,Psap,Gpr37
PSAP,GPR37L1,Psap,Gpr37l1
PSAP,LRP1,Psap,Lrp1
PSEN1,NCSTN,Psen1,Ncstn
PSPN,GFRA4,Pspn,Gfra4
PSPN,RET,Pspn,Ret
PTDSS1,JMJD6,Ptdss1,Jmjd6
PTDSS1,SCARB1,Ptdss1,Scarb1
PTGS2,PTGDR2,Ptgs2,Ptgdr2
PTH2,PTH1R,Pth2,Pth1r
PTH2,PTH2R,Pth2,Pth2r
PTHLH,PRLHR,Pthlh,Prlhr
PTHLH,PTH1R,Pthlh,Pth1r
PTHLH,PTH2R,Pthlh,Pth2r
PTH,PTH1R,Pth,Pth1r
PTH,PTH2R,Pth,Pth2r
PTN,PTPRB,Ptn,Ptprb
PTN,PTPRZ1,Ptn,Ptprz1
PYY,NPY1R,Pyy,Npy1r
PYY,NPY2R,Pyy,Npy2r
PYY,NPY4R,Pyy,Npy4r
PYY,NPY5R,Pyy,Npy5r
QRFP,P2RY14,Qrfp,P2ry14
QRFP,QRFPR,Qrfp,Qrfpr
RARRES2,CMKLR1,Rarres2,Cmklr1
RARRES2,GPR1,Rarres2,Gpr1
RELN,ITGA3,Reln,Itga3
RELN,ITGB1,Reln,Itgb1
RELN,LRP8,Reln,Lrp8
RELN,VLDLR,Reln,Vldlr
REN,ATP6AP2,Ren,Atp6ap2
RGMA,NEO1,Rgma,Neo1
RLN1,RXFP1,Rln1,Rxfp1
RLN1,RXFP2,Rln1,Rxfp2
RLN2,RXFP1,Rln2,Rxfp1
RLN2,RXFP2,Rln2,Rxfp2
RLN3,RXFP1,Rln3,Rxfp1
RLN3,RXFP2,Rln3,Rxfp2
RLN3,RXFP3,Rln3,Rxfp3
RLN3,RXFP4,Rln3,Rxfp4
RPS19,C5AR1,Rps19,C5ar1
RSPO1,LGR4,Rspo1,Lgr4
RSPO1,LGR5,Rspo1,Lgr5
RSPO1,LGR6,Rspo1,Lgr6
RSPO1,LRP6,Rspo1,Lrp6
RSPO2,LGR4,Rspo2,Lgr4
RSPO2,LGR5,Rspo2,Lgr5
RSPO2,LGR6,Rspo2,Lgr6
RSPO3,LGR4,Rspo3,Lgr4
RSPO3,LGR5,Rspo3,Lgr5
RSPO3,LGR6,Rspo3,Lgr6
RSPO4,LGR4,Rspo4,Lgr4
RSPO4,LGR5,Rspo4,Lgr5
RSPO4,LGR6,Rspo4,Lgr6
RTN4,LINGO1,Rtn4,Lingo1
RTN4,RTN4R,Rtn4,Rtn4r
RTN4,TNFRSF19,Rtn4,Tnfrsf19
SAA1,FPR2,Saa1,Fpr2
SCT,SCTR,Sct,Sctr
SELPLG,SELE,Selplg,Sele
SELPLG,SELP,Selplg,Selp
SEMA3A,NRP1,Sema3a,Nrp1
SEMA3A,PLXNA1,Sema3a,Plxna1
SEMA3A,PLXNA2,Sema3a,Plxna2
SEMA3A,PLXNA4,Sema3a,Plxna4
SEMA3B,NRP1,Sema3b,Nrp1
SEMA3C,NRP2,Sema3c,Nrp2
SEMA3E,PLXND1,Sema3e,Plxnd1
SEMA3F,NRP2,Sema3f,Nrp2
SEMA3F,PLXNA3,Sema3f,Plxna3
SEMA4D,MET,Sema4d,Met
SEMA4D,PLXNB1,Sema4d,Plxnb1
SEMA4D,PLXNB2,Sema4d,Plxnb2
SEMA5A,MET,Sema5a,Met
SEMA5A,PLXNB3,Sema5a,Plxnb3
SEMA6D,KDR,Sema6d,Kdr
SEMA6D,PLXNA1,Sema6d,Plxna1
SEMA7A,PLXNC1,Sema7a,Plxnc1
SERPINA1,LRP1,Serpina1,Lrp1
SERPINC1,LRP1,Serpinc1,Lrp1
SERPINE1,LRP1,Serpine1,Lrp1
SERPINE2,LRP1,Serpine2,Lrp1
SERPING1,LRP1,Serping1,Lrp1
SHANK1,LPHN1,Shank1,Lphn1
SHH,BOC,Shh,Boc
SHH,CDON,Shh,Cdon
SHH,HHIP,Shh,Hhip
SHH,PTCH1,Shh,Ptch1
SHH,SMO,Shh,Smo
SLIT1,GPC1,Slit1,Gpc1
SLIT1,ROBO1,Slit1,Robo1
SLIT1,SDC1,Slit1,Sdc1
SLIT2,GPC1,Slit2,Gpc1
SLIT2,ROBO1,Slit2,Robo1
SLIT2,ROBO2,Slit2,Robo2
SLIT2,ROBO4,Slit2,Robo4
SLIT2,SDC1,Slit2,Sdc1
SOST,LRP5,Sost,Lrp5
SOST,LRP6,Sost,Lrp6
SPP1,CD44,Spp1,Cd44
SPP1,ITGAV,Spp1,Itgav
SST,SSTR1,Sst,Sstr1
SST,SSTR2,Sst,Sstr2
SST,SSTR3,Sst,Sstr3
SST,SSTR4,Sst,Sstr4
SST,SSTR5,Sst,Sstr5
TAC1,TACR1,Tac1,Tacr1
TAC1,TACR2,Tac1,Tacr2
TAC1,TACR3,Tac1,Tacr3
TAC3,TACR1,Tac3,Tacr1
TAC3,TACR2,Tac3,Tacr2
TAC3,TACR3,Tac3,Tacr3
TAC4,TACR1,Tac4,Tacr1
TAC4,TACR3,Tac4,Tacr3
TDGF1,ACVR2A,Tdgf1,Acvr2a
TFPI,LRP1,Tfpi,Lrp1
TFPI,VLDLR,Tfpi,Vldlr
TF,TFRC,Tf,Tfrc
TGFA,EGFR,Tgfa,Egfr
TGFB1,ACVRL1,Tgfb1,Acvrl1
TGFB1,TGFBR1,Tgfb1,Tgfbr1
TGFB1,TGFBR2,Tgfb1,Tgfbr2
TGFB1,TGFBR3,Tgfb1,Tgfbr3
TGFB2,TGFBR1,Tgfb2,Tgfbr1
TGFB2,TGFBR2,Tgfb2,Tgfbr2
TGFB2,TGFBR3,Tgfb2,Tgfbr3
TGFB3,ACVRL1,Tgfb3,Acvrl1
TGFB3,TGFBR1,Tgfb3,Tgfbr1
TGFB3,TGFBR2,Tgfb3,Tgfbr2
TGFB3,TGFBR3,Tgfb3,Tgfbr3
TGM2,GPR56,Tgm2,Gpr56
THBS1,CD36,Thbs1,Cd36
THBS1,CD47,Thbs1,Cd47
THBS1,SDC1,Thbs1,Sdc1
THBS2,CD47,Thbs2,Cd47
THPO,MPL,Thpo,Mpl
TNFSF10,TNFRSF10A,Tnfsf10,Tnfrsf10a
TNFSF10,TNFRSF10B,Tnfsf10,Tnfrsf10b
TNFSF10,TNFRSF10C,Tnfsf10,Tnfrsf10c
TNFSF10,TNFRSF10D,Tnfsf10,Tnfrsf10d
TNFSF10,TNFRSF11B,Tnfsf10,Tnfrsf11b
TNFSF11,TNFRSF11A,Tnfsf11,Tnfrsf11a
TNFSF11,TNFRSF11B,Tnfsf11,Tnfrsf11b
TNFSF12,TNFRSF12A,Tnfsf12,Tnfrsf12a
TNFSF12,TNFRSF25,Tnfsf12,Tnfrsf25
TNFSF13B,TNFRSF13B,Tnfsf13b,Tnfrsf13b
TNFSF13B,TNFRSF13C,Tnfsf13b,Tnfrsf13c
TNFSF13B,TNFRSF17,Tnfsf13b,Tnfrsf17
TNFSF13,TNFRSF13B,Tnfsf13,Tnfrsf13b
TNFSF13,TNFRSF17,Tnfsf13,Tnfrsf17
TNFSF14,LTBR,Tnfsf14,Ltbr
TNFSF14,TNFRSF14,Tnfsf14,Tnfrsf14
TNFSF14,TNFRSF6B,Tnfsf14,Tnfrsf6b
TNFSF15,TNFRSF25,Tnfsf15,Tnfrsf25
TNFSF18,TNFRSF18,Tnfsf18,Tnfrsf18
TNFSF4,TNFRSF4,Tnfsf4,Tnfrsf4
TNFSF8,TNFRSF8,Tnfsf8,Tnfrsf8
TNFSF9,TNFRSF9,Tnfsf9,Tnfrsf9
TNF,TNFRSF1A,Tnf,Tnfrsf1a
TNF,TNFRSF1B,Tnf,Tnfrsf1b
TNF,TNFRSF21,Tnf,Tnfrsf21
TRH,TRHR,Trh,Trhr
TSHB,TSHR,Tshb,Tshr
UCN2,CRHR1,Ucn2,Crhr1
UCN2,CRHR2,Ucn2,Crhr2
UCN3,CRHR2,Ucn3,Crhr2
UCN,CRHR1,Ucn,Crhr1
UCN,CRHR2,Ucn,Crhr2
ULBP2,KLRK1,Ulbp2,Klrk1
UTS2B,UTS2R,Uts2b,Uts2r
UTS2,UTS2R,Uts2,Uts2r
VCAM1,ITGA4,Vcam1,Itga4
VCAM1,ITGAD,Vcam1,Itgad
VCAM1,ITGB1,Vcam1,Itgb1
VCAM1,ITGB2,Vcam1,Itgb2
VEGFA,FLT1,Vegfa,Flt1
VEGFA,KDR,Vegfa,Kdr
VEGFA,NRP1,Vegfa,Nrp1
VEGFA,NRP2,Vegfa,Nrp2
VEGFB,FLT1,Vegfb,Flt1
VEGFB,NRP1,Vegfb,Nrp1
VEGFC,FLT4,Vegfc,Flt4
VEGFC,KDR,Vegfc,Kdr
VEGFC,NRP2,Vegfc,Nrp2
VEGFC,VIPR2,Vegfc,Vipr2
VIP,ADCYAP1R1,Vip,Adcyap1r1
VIP,SCTR,Vip,Sctr
VIP,VIPR1,Vip,Vipr1
VIP,VIPR2,Vip,Vipr2
VTN,ITGA5,Vtn,Itga5
VTN,ITGB3,Vtn,Itgb3
WNT11,FZD7,Wnt11,Fzd7
WNT1,FZD3,Wnt1,Fzd3
WNT1,FZD8,Wnt1,Fzd8
WNT1,FZD9,Wnt1,Fzd9
WNT1,RYK,Wnt1,Ryk
WNT3A,FZD6,Wnt3a,Fzd6
WNT3,FZD8,Wnt3,Fzd8
WNT3,LRP6,Wnt3,Lrp6
WNT3,RYK,Wnt3,Ryk
WNT4,FZD2,Wnt4,Fzd2
WNT4,FZD6,Wnt4,Fzd6
WNT5A,FZD2,Wnt5a,Fzd2
WNT5A,FZD4,Wnt5a,Fzd4
WNT5A,FZD6,Wnt5a,Fzd6
WNT5A,FZD7,Wnt5a,Fzd7
WNT5A,RYK,Wnt5a,Ryk
WNT7A,FZD5,Wnt7a,Fzd5
WNT7B,FZD1,Wnt7b,Fzd1
WNT7B,FZD10,Wnt7b,Fzd10
WNT7B,LRP5,Wnt7b,Lrp5
XCL1,XCR1,Xcl1,Xcr1
XCL2,XCR1,Xcl2,Xcr1
YARS,CXCR1,Yars,Cxcr1
ZP3,MERTK,Zp3,Mertk
ACE,AGTR2,Ace,Agtr2
ACE,BDKRB2,Ace,Bdkrb2
ADAM10,AXL,Adam10,Axl
ADAM10,EPHA3,Adam10,Epha3
ADAM15,ITGAV,Adam15,Itgav
ADAM17,ERBB4,Adam17,Erbb4
ADAM17,NOTCH1,Adam17,Notch1
ADAM28,ITGA4,Adam28,Itga4
ADAM2,CD9,Adam2,Cd9
ADAM2,ITGA9,Adam2,Itga9
ADAM2,ITGB7,Adam2,Itgb7
ADAM9,ITGA3,Adam9,Itga3
ADCYAP1,SCTR,Adcyap1,Sctr
AGRN,ATP1A3,Agrn,Atp1a3
AGRN,LRP4,Agrn,Lrp4
AGRP,SDC3,Agrp,Sdc3
AHSG,INSR,Ahsg,Insr
ALB,LRP2,Alb,Lrp2
AMELX,LAMP1,Amelx,Lamp1
AMELY,LAMP1,Amely,Lamp1
AMH,ACVR1,Amh,Acvr1
AMH,EGFR,Amh,Egfr
ANGPT1,ITGA5,Angpt1,Itga5
ANGPTL3,ITGA5,Angptl3,Itga5
ANGPTL3,ITGAV,Angptl3,Itgav
ANGPTL3,ITGB3,Angptl3,Itgb3
ANXA1,DYSF,Anxa1,Dysf
ANXA1,EGFR,Anxa1,Egfr
APOB,LRP2,Apob,Lrp2
APOB,LSR,Apob,Lsr
APOB,OLR1,Apob,Olr1
APOD,LEPR,Apod,Lepr
APOE,LRP1,Apoe,Lrp1
APOE,LRP2,Apoe,Lrp2
APOE,SCARB1,Apoe,Scarb1
APP,CAV1,App,Cav1
APP,CD74,App,Cd74
APP,GPC1,App,Gpc1
APP,LRP1,App,Lrp1
APP,NCSTN,App,Ncstn
APP,TNFRSF21,App,Tnfrsf21
AREG,ERBB3,Areg,Erbb3
ARF1,CHRM3,Arf1,Chrm3
ARF1,INSR,Arf1,Insr
ARTN,GFRA1,Artn,Gfra1
ASIP,F11R,Asip,F11r
ASIP,MC2R,Asip,Mc2r
ASIP,MC3R,Asip,Mc3r
ASIP,MC4R,Asip,Mc4r
ASIP,MC5R,Asip,Mc5r
AZGP1,ITGAV,Azgp1,Itgav
B2M,CD1A,B2m,Cd1a
B2M,CD1B,B2m,Cd1b
B2M,HFE,B2m,Hfe
B2M,HLA-F,B2m,Hla-f
B2M,LILRB1,B2m,Lilrb1
BDNF,SORT1,Bdnf,Sort1
BGN,TLR2,Bgn,Tlr2
BGN,TLR4,Bgn,Tlr4
BMP10,ENG,Bmp10,Eng
BMP2,ENG,Bmp2,Eng
BMP2,HFE2,Bmp2,Hfe2
BMP7,ENG,Bmp7,Eng
BST1,CAV1,Bst1,Cav1
BTC,ERBB2,Btc,Erbb2
BTLA,CD79A,Btla,Cd79a
BTLA,VTCN1,Btla,Vtcn1
C1QA,CD93,C1qa,Cd93
C1QA,CR1,C1qa,Cr1
C1QA,CSPG4,C1qa,Cspg4
C1QB,LRP1,C1qb,Lrp1
C1QTNF1,AVPR2,C1qtnf1,Avpr2
C1QTNF5,MFRP,C1qtnf5,Mfrp
C3,C5AR2,C3,C5ar2
C3,CD19,C3,Cd19
C3,CD46,C3,Cd46
C3,CR1,C3,Cr1
C3,ITGAM,C3,Itgam
C4A,C3AR1,C4a,C3ar1
C4A,C5AR2,C4a,C5ar2
C4A,CR1,C4a,Cr1
C4BPA,BMPR2,C4bpa,Bmpr2
C4BPA,CD40,C4bpa,Cd40
C4BPA,LRP1,C4bpa,Lrp1
C4B,CD46,C4b,Cd46
C4B,CR1,C4b,Cr1
C5orf55,TRAF2,C5orf55,Traf2
CALCA,RAMP2,Calca,Ramp2
CALR,ITGA2B,Calr,Itga2b
CALR,ITGA3,Calr,Itga3
CALR,ITGAV,Calr,Itgav
CALR,LRP1,Calr,Lrp1
CALR,MTNR1A,Calr,Mtnr1a
CALR,TSHR,Calr,Tshr
CCL11,ACKR4,Ccl11,Ackr4
CCL13,ACKR4,Ccl13,Ackr4
CCL14,CCR3,Ccl14,Ccr3
CCL16,CCR8,Ccl16,Ccr8
CCL17,DARC,Ccl17,Darc
CCL18,C14orf1,Ccl18,C14orf1
CCL19,ACKR2,Ccl19,Ackr2
CCL19,CCR10,Ccl19,Ccr10
CCL21,ACKR2,Ccl21,Ackr2
CCL25,ACKR2,Ccl25,Ackr2
CCL25,CCR10,Ccl25,Ccr10
CCL26,CCR1,Ccl26,Ccr1
CCL27,ACKR2,Ccl27,Ackr2
CCL28,ACKR2,Ccl28,Ackr2
CCL2,ACKR4,Ccl2,Ackr4
CCL2,CCR10,Ccl2,Ccr10
CCL3L1,CCR1,Ccl3l1,Ccr1
CCL3L1,CCR3,Ccl3l1,Ccr3
CCL3L1,CCR5,Ccl3l1,Ccr5
CCL3L3,ACKR2,Ccl3l3,Ackr2
CCL3L3,CCR5,Ccl3l3,Ccr5
CCL3,ACKR2,Ccl3,Ackr2
CCL3,CCR3,Ccl3,Ccr3
CCL3,CCR4,Ccl3,Ccr4
CCL4,CCR3,Ccl4,Ccr3
CCL5,ACKR4,Ccl5,Ackr4
CCL5,SDC1,Ccl5,Sdc1
CCL5,SDC4,Ccl5,Sdc4
CCL7,ACKR4,Ccl7,Ackr4
CCL7,CCR10,Ccl7,Ccr10
CCL7,DARC,Ccl7,Darc
CCL8,ACKR4,Ccl8,Ackr4
CCL8,DARC,Ccl8,Darc
CD14,ITGA4,Cd14,Itga4
CD14,ITGB1,Cd14,Itgb1
CD55,CR1,Cd55,Cr1
CD5L,CD5,Cd5l,Cd5
CDH1,EGFR,Cdh1,Egfr
CDH1,IGF1R,Cdh1,Igf1r
CDH1,PTPRF,Cdh1,Ptprf
CDH1,PTPRM,Cdh1,Ptprm
CEL,CXCR4,Cel,Cxcr4
CFH,ITGAM,Cfh,Itgam
CGN,F11R,Cgn,F11r
CNTF,IL6R,Cntf,Il6r
CNTN2,CNTN1,Cntn2,Cntn1
CNTN2,CNTNAP2,Cntn2,Cntnap2
CNTN2,NRCAM,Cntn2,Nrcam
CNTN4,PTPRG,Cntn4,Ptprg
COL11A1,DDR1,Col11a1,Ddr1
COL14A1,CD44,Col14a1,Cd44
COL18A1,GPC4,Col18a1,Gpc4
COL18A1,KDR,Col18a1,Kdr
COL1A1,CD36,Col1a1,Cd36
COL1A1,CD44,Col1a1,Cd44
COL1A1,CD93,Col1a1,Cd93
COL1A1,ITGA5,Col1a1,Itga5
COL1A1,TMPRSS6,Col1a1,Tmprss6
COL1A2,CD36,Col1a2,Cd36
COL1A2,CD44,Col1a2,Cd44
COL1A2,CD93,Col1a2,Cd93
COL1A2,ITGA2,Col1a2,Itga2
COL1A2,ITGA2B,Col1a2,Itga2b
COL1A2,ITGB3,Col1a2,Itgb3
COL2A1,DDR1,Col2a1,Ddr1
COL2A1,ITGA2B,Col2a1,Itga2b
COL2A1,MAG,Col2a1,Mag
COL2A1,TNFRSF10A,Col2a1,Tnfrsf10a
COL3A1,DDR1,Col3a1,Ddr1
COL3A1,DDR2,Col3a1,Ddr2
COL3A1,MAG,Col3a1,Mag
COL4A1,CD93,Col4a1,Cd93
COL4A1,ITGAV,Col4a1,Itgav
COL4A2,CD93,Col4a2,Cd93
COL4A3,CD47,Col4a3,Cd47
COL4A3,CD93,Col4a3,Cd93
COL4A3,ITGAV,Col4a3,Itgav
COL4A4,CD93,Col4a4,Cd93
COL4A5,CD93,Col4a5,Cd93
COL4A6,CD93,Col4a6,Cd93
COL5A1,SDC3,Col5a1,Sdc3
COL5A2,DDR1,Col5a2,Ddr1
COL8A1,ITGA1,Col8a1,Itga1
COL8A1,ITGA2,Col8a1,Itga2
COL9A1,MAG,Col9a1,Mag
COL9A2,MAG,Col9a2,Mag
COL9A3,MAG,Col9a3,Mag
COLQ,MUSK,Colq,Musk
CPAMD8,SCTR,Cpamd8,Sctr
CP,SLC40A1,Cp,Slc40a1
CRP,OLR1,Crp,Olr1
CSF2,IL3RA,Csf2,Il3ra
CSF2,SDC2,Csf2,Sdc2
CTGF,ERBB4,Ctgf,Erbb4
CTGF,ITGA5,Ctgf,Itga5
CTGF,LRP1,Ctgf,Lrp1
CTGF,NTRK1,Ctgf,Ntrk1
CTHRC1,FZD3,Cthrc1,Fzd3
CTHRC1,FZD5,Cthrc1,Fzd5
CTHRC1,FZD6,Cthrc1,Fzd6
CUBN,LRP2,Cubn,Lrp2
CXCL10,SDC4,Cxcl10,Sdc4
CXCL12,CD4,Cxcl12,Cd4
CXCL12,ITGB1,Cxcl12,Itgb1
CXCL13,ACKR4,Cxcl13,Ackr4
CXCL13,CCR10,Cxcl13,Ccr10
CXCL13,CXCR3,Cxcl13,Cxcr3
CXCL5,DARC,Cxcl5,Darc
CYR61,ITGAV,Cyr61,Itgav
CYR61,ITGB5,Cyr61,Itgb5
DCN,EGFR,Dcn,Egfr
DCN,ERBB4,Dcn,Erbb4
DCN,MET,Dcn,Met
DEFB103A,CCR6,Defb103a,Ccr6
DEFB103B,CCR2,Defb103b,Ccr2
DEFB103B,CCR6,Defb103b,Ccr6
DEFB1,CCR6,Defb1,Ccr6
DEFB4A,TLR4,Defb4a,Tlr4
DHH,BOC,Dhh,Boc
DHH,CDON,Dhh,Cdon
DHH,PTCH1,Dhh,Ptch1
DKK1,LRP5,Dkk1,Lrp5
DKK2,KREMEN2,Dkk2,Kremen2
DLK2,NOTCH1,Dlk2,Notch1
EBI3,IL27RA,Ebi3,Il27ra
EDIL3,ITGAV,Edil3,Itgav
EDN1,EDNRB,Edn1,Ednrb
EDN1,KEL,Edn1,Kel
EDN2,EDNRB,Edn2,Ednrb
EDN2,KEL,Edn2,Kel
EDN3,EDNRA,Edn3,Ednra
EDN3,KEL,Edn3,Kel
EFEMP1,EGFR,Efemp1,Egfr
EFEMP2,AQP1,Efemp2,Aqp1
EFEMP2,CATSPER1,Efemp2,Catsper1
EFEMP2,LINGO1,Efemp2,Lingo1
EFEMP2,PLSCR4,Efemp2,Plscr4
EFNA1,EPHB1,Efna1,Ephb1
EFNA5,EPHB1,Efna5,Ephb1
EFNA5,EPHB6,Efna5,Ephb6
EFNB1,ERBB2,Efnb1,Erbb2
EFNB2,EPHA3,Efnb2,Epha3
EFNB2,EPHA6,Efnb2,Epha6
EFNB2,GRM1,Efnb2,Grm1
EFNB2,GRM5,Efnb2,Grm5
EFNB2,PECAM1,Efnb2,Pecam1
EFNB2,RHBDL2,Efnb2,Rhbdl2
EFNB3,RHBDL2,Efnb3,Rhbdl2
EGF,ERBB2,Egf,Erbb2
EGF,ERBB3,Egf,Erbb3
EGF,ERBB4,Egf,Erbb4
F10,F3,F10,F3
F11,GP1BA,F11,Gp1ba
F12,CD93,F12,Cd93
F12,GP1BA,F12,Gp1ba
F13A1,ITGA4,F13a1,Itga4
F13A1,ITGA9,F13a1,Itga9
F13A1,ITGB1,F13a1,Itgb1
F2,GP1BA,F2,Gp1ba
F2,GP9,F2,Gp9
F2,ITGA2B,F2,Itga2b
F2,THBD,F2,Thbd
F8,ASGR2,F8,Asgr2
F8,LDLR,F8,Ldlr
FAT4,DCHS1,Fat4,Dchs1
FBLN1,ITGB1,Fbln1,Itgb1
FBLN2,ITGB3,Fbln2,Itgb3
FBN1,ITGA5,Fbn1,Itga5
FBN1,ITGAV,Fbn1,Itgav
FBN1,ITGB1,Fbn1,Itgb1
FBN1,ITGB3,Fbn1,Itgb3
FCN2,LRP1,Fcn2,Lrp1
FGA,CDH5,Fga,Cdh5
FGA,ITGA2B,Fga,Itga2b
FGA,ITGA5,Fga,Itga5
FGA,ITGAM,Fga,Itgam
FGA,ITGAV,Fga,Itgav
FGA,ITGB1,Fga,Itgb1
FGA,ITGB3,Fga,Itgb3
FGB,ITGA2B,Fgb,Itga2b
FGB,ITGA5,Fgb,Itga5
FGB,ITGAM,Fgb,Itgam
FGB,ITGAV,Fgb,Itgav
FGB,ITGB1,Fgb,Itgb1
FGB,ITGB2,Fgb,Itgb2
FGF13,SCN5A,Fgf13,Scn5a
FGF13,SCN8A,Fgf13,Scn8a
FGF19,KLB,Fgf19,Klb
FGF1,NRP1,Fgf1,Nrp1
FGF20,FGFR4,Fgf20,Fgfr4
FGF21,FGFR4,Fgf21,Fgfr4
FGF23,FGFR3,Fgf23,Fgfr3
FGF23,PHEX,Fgf23,Phex
FGF2,CD44,Fgf2,Cd44
FGF2,FGFRL1,Fgf2,Fgfrl1
FGF2,GPC4,Fgf2,Gpc4
FGF2,NRP1,Fgf2,Nrp1
FGF2,SDC1,Fgf2,Sdc1
FGF2,SDC3,Fgf2,Sdc3
FGF3,FGFR3,Fgf3,Fgfr3
FGF3,FGFR4,Fgf3,Fgfr4
FGF4,NRP1,Fgf4,Nrp1
FGF6,FGFR3,Fgf6,Fgfr3
FGF7,FGFR1,Fgf7,Fgfr1
FGF7,FGFR3,Fgf7,Fgfr3
FGF7,FGFR4,Fgf7,Fgfr4
FGF7,NRP1,Fgf7,Nrp1
FGG,ITGA2B,Fgg,Itga2b
FGG,ITGA5,Fgg,Itga5
FGG,ITGAV,Fgg,Itgav
FGG,ITGB1,Fgg,Itgb1
FGG,ITGB2,Fgg,Itgb2
FGL1,EGFR,Fgl1,Egfr
FIGF,ITGA9,Figf,Itga9
FN1,CD44,Fn1,Cd44
FN1,COL13A1,Fn1,Col13a1
FN1,ITGA3,Fn1,Itga3
FN1,ITGA9,Fn1,Itga9
FN1,ITGAV,Fn1,Itgav
FN1,ITGB7,Fn1,Itgb7
FN1,MAG,Fn1,Mag
FN1,NT5E,Fn1,Nt5e
FN1,PLAUR,Fn1,Plaur
FN1,TMPRSS6,Fn1,Tmprss6
FN1,TNFRSF11B,Fn1,Tnfrsf11b
FN1,TSHR,Fn1,Tshr
GAL,GPR151,Gal,Gpr151
GDF2,ACVR1,Gdf2,Acvr1
GDF2,ACVR2A,Gdf2,Acvr2a
GDF2,ACVR2B,Gdf2,Acvr2b
GDF2,BMPR2,Gdf2,Bmpr2
GDF2,ENG,Gdf2,Eng
GDF5,ACVR1,Gdf5,Acvr1
GDF5,ACVR2A,Gdf5,Acvr2a
GDF5,ACVR2B,Gdf5,Acvr2b
GDF5,BMPR1A,Gdf5,Bmpr1a
GDF6,BMPR1B,Gdf6,Bmpr1b
GDF9,ACVR2A,Gdf9,Acvr2a
GDF9,BMPR1A,Gdf9,Bmpr1a
GDF9,BMPR1B,Gdf9,Bmpr1b
GDF9,FXYD6,Gdf9,Fxyd6
GDF9,ORAI2,Gdf9,Orai2
GH1,PRLR,Gh1,Prlr
GHRL,GHRHR,Ghrl,Ghrhr
GHRL,MLNR,Ghrl,Mlnr
GIP,DPP4,Gip,Dpp4
GNAI2,ADCY1,Gnai2,Adcy1
GNAI2,ADORA1,Gnai2,Adora1
GNAI2,ADRA2A,Gnai2,Adra2a
GNAI2,ADRA2B,Gnai2,Adra2b
GNAI2,AGTR2,Gnai2,Agtr2
GNAI2,C5AR1,Gnai2,C5ar1
GNAI2,CAV1,Gnai2,Cav1
GNAI2,CCR5,Gnai2,Ccr5
GNAI2,CHRM1,Gnai2,Chrm1
GNAI2,CNR1,Gnai2,Cnr1
GNAI2,CXCR1,Gnai2,Cxcr1
GNAI2,CXCR2,Gnai2,Cxcr2
GNAI2,DRD2,Gnai2,Drd2
GNAI2,EDNRA,Gnai2,Ednra
GNAI2,EGFR,Gnai2,Egfr
GNAI2,F2R,Gnai2,F2r
GNAI2,FPR1,Gnai2,Fpr1
GNAI2,IGF1R,Gnai2,Igf1r
GNAI2,LHCGR,Gnai2,Lhcgr
GNAI2,LPAR3,Gnai2,Lpar3
GNAI2,MTNR1A,Gnai2,Mtnr1a
GNAI2,MTNR1B,Gnai2,Mtnr1b
GNAI2,OPRD1,Gnai2,Oprd1
GNAI2,OPRM1,Gnai2,Oprm1
GNAI2,P2RY12,Gnai2,P2ry12
GNAI2,PTPRU,Gnai2,Ptpru
GNAI2,TBXA2R,Gnai2,Tbxa2r
GNAI2,TSHR,Gnai2,Tshr
GNAS,ADORA1,Gnas,Adora1
GNAS,ADRB3,Gnas,Adrb3
GNAS,AVPR2,Gnas,Avpr2
GNAS,CRHR1,Gnas,Crhr1
GNAS,GCGR,Gnas,Gcgr
GNAS,HTR6,Gnas,Htr6
GNAS,LHCGR,Gnas,Lhcgr
GNAS,PTGDR,Gnas,Ptgdr
GNAS,PTGIR,Gnas,Ptgir
GNAS,TSHR,Gnas,Tshr
GNAS,VIPR1,Gnas,Vipr1
GNB3,TGFBR1,Gnb3,Tgfbr1
GPC3,CD81,Gpc3,Cd81
GPC3,IGF1R,Gpc3,Igf1r
GRP,BRS3,Grp,Brs3
GRP,NMBR,Grp,Nmbr
GUCA2B,GUCY2D,Guca2b,Gucy2d
GZMB,CHRM3,Gzmb,Chrm3
HBEGF,CD44,Hbegf,Cd44
HBEGF,CD82,Hbegf,Cd82
HBEGF,CD9,Hbegf,Cd9
HBEGF,ERBB2,Hbegf,Erbb2
HCRT,NPFFR2,Hcrt,Npffr2
HGF,CD44,Hgf,Cd44
HGF,SDC1,Hgf,Sdc1
HGF,SDC2,Hgf,Sdc2
HGF,ST14,Hgf,St14
HLA-A,APLP2,Hla-a,Aplp2
HLA-A,ERBB2,Hla-a,Erbb2
HLA-A,KIR3DL1,Hla-a,Kir3dl1
HLA-A,LILRB1,Hla-a,Lilrb1
HLA-A,LILRB2,Hla-a,Lilrb2
HLA-B,CANX,Hla-b,Canx
HLA-B,KLRD1,Hla-b,Klrd1
HLA-B,LILRB1,Hla-b,Lilrb1
HLA-B,LILRB2,Hla-b,Lilrb2
HLA-C,LILRA3,Hla-c,Lilra3
HLA-C,LILRB1,Hla-c,Lilrb1
HLA-C,LILRB2,Hla-c,Lilrb2
HLA-G,LILRB2,Hla-g,Lilrb2
HMGB1,SDC1,Hmgb1,Sdc1
HMGB1,THBD,Hmgb1,Thbd
HP,ITGAM,Hp,Itgam
HP,ITGB2,Hp,Itgb2
HRAS,AGTR1,Hras,Agtr1
HRAS,CAV1,Hras,Cav1
HRAS,GRIN2D,Hras,Grin2d
HRAS,INSR,Hras,Insr
HRAS,TLR2,Hras,Tlr2
HRAS,TLR9,Hras,Tlr9
HRG,FCGR1A,Hrg,Fcgr1a
HSP90AA1,CFTR,Hsp90aa1,Cftr
HSP90AA1,EGFR,Hsp90aa1,Egfr
HSP90AA1,FGFR3,Hsp90aa1,Fgfr3
HSPG2,COL13A1,Hspg2,Col13a1
HSPG2,ITGA2,Hspg2,Itga2
HSPG2,ITGB1,Hspg2,Itgb1
IAPP,RAMP1,Iapp,Ramp1
IAPP,RAMP2,Iapp,Ramp2
ICAM1,EGFR,Icam1,Egfr
ICAM1,IL2RA,Icam1,Il2ra
ICAM1,IL2RG,Icam1,Il2rg
ICAM1,ITGAM,Icam1,Itgam
ICAM2,ITGAM,Icam2,Itgam
ICAM3,CLEC4M,Icam3,Clec4m
ICAM3,ITGAD,Icam3,Itgad
ICAM4,ITGA4,Icam4,Itga4
ICAM4,ITGB1,Icam4,Itgb1
ICAM4,RHAG,Icam4,Rhag
IGFBP4,FZD8,Igfbp4,Fzd8
IGFBP4,LRP6,Igfbp4,Lrp6
IGFL1,IGFLR1,Igfl1,Igflr1
IGFL2,IGFLR1,Igfl2,Igflr1
IGFL3,IGFLR1,Igfl3,Igflr1
IHH,BOC,Ihh,Boc
IHH,CDON,Ihh,Cdon
IHH,PTCH2,Ihh,Ptch2
IL12A,CD28,Il12a,Cd28
IL12B,IL23R,Il12b,Il23r
IL15,IL2RA,Il15,Il2ra
IL16,GRIN2C,Il16,Grin2c
IL16,GRIN2D,Il16,Grin2d
IL16,KCNA3,Il16,Kcna3
IL16,KCND1,Il16,Kcnd1
IL16,KCND2,Il16,Kcnd2
IL16,KCNJ10,Il16,Kcnj10
IL16,KCNJ15,Il16,Kcnj15
IL16,KCNJ4,Il16,Kcnj4
IL17A,IL17RC,Il17a,Il17rc
IL17F,IL17RA,Il17f,Il17ra
IL18,IL1RL2,Il18,Il1rl2
IL1A,IL1RAP,Il1a,Il1rap
IL1B,ADRB2,Il1b,Adrb2
IL1F10,IL1R1,Il1f10,Il1r1
IL22,IL10RB,Il22,Il10rb
IL27,IL27RA,Il27,Il27ra
IL2,CD53,Il2,Cd53
IL2,NGFR,Il2,Ngfr
IL34,CSF1R,Il34,Csf1r
IL4,CD53,Il4,Cd53
IL4,IL13RA2,Il4,Il13ra2
IL8,SDC1,Il8,Sdc1
IL8,SDC2,Il8,Sdc2
INHBA,ENG,Inhba,Eng
INHBA,TGFBR3,Inhba,Tgfbr3
INHBB,ACVR1C,Inhbb,Acvr1c
INS,IGF1R,Ins,Igf1r
INS,LRP2,Ins,Lrp2
ITGB3BP,ITGB3,Itgb3bp,Itgb3
ITGB3BP,ITGB5,Itgb3bp,Itgb5
ITIH2,FCER1A,Itih2,Fcer1a
KAL1,FGFR1,Kal1,Fgfr1
KAL1,SDC2,Kal1,Sdc2
KISS1,MMP24,Kiss1,Mmp24
KITLG,EPOR,Kitlg,Epor
KLK3,EPOR,Klk3,Epor
KNG1,CD93,Kng1,Cd93
KNG1,GP1BA,Kng1,Gp1ba
KNG1,ITGB2,Kng1,Itgb2
KNG1,PLAUR,Kng1,Plaur
KNG1,RXFP4,Kng1,Rxfp4
KRTAP4-12,AQP1,Krtap4-12,Aqp1
KRTAP4-12,CATSPER1,Krtap4-12,Catsper1
KRTAP4-12,CLDN2,Krtap4-12,Cldn2
KRTAP4-12,CNTFR,Krtap4-12,Cntfr
KRTAP4-12,LINGO1,Krtap4-12,Lingo1
KRTAP4-12,PDGFRB,Krtap4-12,Pdgfrb
KRTAP4-12,PLSCR4,Krtap4-12,Plscr4
L1CAM,CNTN1,L1cam,Cntn1
L1CAM,EGFR,L1cam,Egfr
L1CAM,ERBB2,L1cam,Erbb2
L1CAM,ERBB3,L1cam,Erbb3
L1CAM,ITGA5,L1cam,Itga5
L1CAM,ITGAV,L1cam,Itgav
LACRT,SDC1,Lacrt,Sdc1
LAMA1,ITGA1,Lama1,Itga1
LAMA1,ITGA2,Lama1,Itga2
LAMA1,NT5E,Lama1,Nt5e
LAMA1,TMPRSS6,Lama1,Tmprss6
LAMA3,SDC2,Lama3,Sdc2
LAMA5,BCAM,Lama5,Bcam
LCN1,LMBR1L,Lcn1,Lmbr1l
LCN2,LRP2,Lcn2,Lrp2
LGALS3BP,ITGB1,Lgals3bp,Itgb1
LIN7C,ABCA1,Lin7c,Abca1
LIN7C,HTR2C,Lin7c,Htr2c
LIPC,LRP1,Lipc,Lrp1
LPA,LRP2,Lpa,Lrp2
LPL,GPIHBP1,Lpl,Gpihbp1
LPL,LRP1,Lpl,Lrp1
LPL,LRP2,Lpl,Lrp2
LPL,SDC1,Lpl,Sdc1
LPL,VLDLR,Lpl,Vldlr
LRP1B,PLAUR,Lrp1b,Plaur
LRPAP1,LDLR,Lrpap1,Ldlr
LRPAP1,LRP2,Lrpap1,Lrp2
LRPAP1,LRP8,Lrpap1,Lrp8
LRPAP1,SORL1,Lrpap1,Sorl1
LRPAP1,SORT1,Lrpap1,Sort1
LRPAP1,VLDLR,Lrpap1,Vldlr
LTBP1,ITGB5,Ltbp1,Itgb5
LTBP3,ITGB5,Ltbp3,Itgb5
LTB,TNFRSF1A,Ltb,Tnfrsf1a
LY86,CD180,Ly86,Cd180
MADCAM1,CD44,Madcam1,Cd44
MATN1,ITGA1,Matn1,Itga1
MATN1,ITGB1,Matn1,Itgb1
MBL2,CALCR,Mbl2,Calcr
MBL2,CD93,Mbl2,Cd93
MDK,LRP1,Mdk,Lrp1
MDK,LRP2,Mdk,Lrp2
MDK,SDC1,Mdk,Sdc1
MDK,SDC3,Mdk,Sdc3
MDK,SDC4,Mdk,Sdc4
MDK,TSPAN1,Mdk,Tspan1
MEPE,PHEX,Mepe,Phex
MFAP2,NOTCH1,Mfap2,Notch1
MFAP5,NOTCH1,Mfap5,Notch1
MFGE8,ITGAV,Mfge8,Itgav
MFGE8,ITGB3,Mfge8,Itgb3
MFGE8,PDGFRB,Mfge8,Pdgfrb
MFNG,NOTCH1,Mfng,Notch1
MFNG,NOTCH2,Mfng,Notch2
MIA,CDH7,Mia,Cdh7
MLLT4,EPHA7,Mllt4,Epha7
MLLT4,EPHB2,Mllt4,Ephb2
MLLT4,EPHB3,Mllt4,Ephb3
MLLT4,EPHB6,Mllt4,Ephb6
MLLT4,F11R,Mllt4,F11r
MLLT4,NRXN2,Mllt4,Nrxn2
MLLT4,NRXN3,Mllt4,Nrxn3
MLLT4,PVRL1,Mllt4,Pvrl1
MLLT4,PVRL2,Mllt4,Pvrl2
MLLT4,PVRL3,Mllt4,Pvrl3
MLLT4,PVRL4,Mllt4,Pvrl4
MMP12,PLAUR,Mmp12,Plaur
MMP1,CD44,Mmp1,Cd44
MMP1,ITGA2,Mmp1,Itga2
MMP2,SDC2,Mmp2,Sdc2
MMP7,CD151,Mmp7,Cd151
MMP7,CD44,Mmp7,Cd44
MMP7,ERBB4,Mmp7,Erbb4
MMP9,CD44,Mmp9,Cd44
MMP9,EPHB2,Mmp9,Ephb2
MSTN,ACVR2B,Mstn,Acvr2b
MUC2,AGR2,Muc2,Agr2
MUC7,SELL,Muc7,Sell
MYOC,FZD1,Myoc,Fzd1
MYOC,FZD10,Myoc,Fzd10
MYOC,FZD3,Myoc,Fzd3
MYOC,FZD4,Myoc,Fzd4
MYOC,FZD7,Myoc,Fzd7
NCAM1,FGFR1,Ncam1,Fgfr1
NCAM1,GFRA1,Ncam1,Gfra1
NGF,SORCS3,Ngf,Sorcs3
NID1,COL13A1,Nid1,Col13a1
NID1,ITGAV,Nid1,Itgav
NID1,ITGB3,Nid1,Itgb3
NID2,COL13A1,Nid2,Col13a1
NLGN1,NRXN2,Nlgn1,Nrxn2
NMB,BRS3,Nmb,Brs3
NPPC,NPR3,Nppc,Npr3
NPY,FAP,Npy,Fap
NPY,MC4R,Npy,Mc4r
NPY,NPFFR2,Npy,Npffr2
NTN1,ADORA2B,Ntn1,Adora2b
NTN1,NEO1,Ntn1,Neo1
NTN1,UNC5A,Ntn1,Unc5a
NTN1,UNC5B,Ntn1,Unc5b
NTN1,UNC5D,Ntn1,Unc5d
NTNG2,LRRC4,Ntng2,Lrrc4
NTS,SORT1,Nts,Sort1
NXPH2,NRXN1,Nxph2,Nrxn1
OBP2A,OR1G1,Obp2a,Or1g1
OLFM2,ROBO2,Olfm2,Robo2
OMG,RTN4R,Omg,Rtn4r
OMG,RTN4RL1,Omg,Rtn4rl1
ORM1,CCR5,Orm1,Ccr5
PCSK9,VLDLR,Pcsk9,Vldlr
PDAP1,PDGFRB,Pdap1,Pdgfrb
PDGFB,ART1,Pdgfb,Art1
PDGFB,LRP1,Pdgfb,Lrp1
PF4,CXCR3,Pf4,Cxcr3
PF4,SDC2,Pf4,Sdc2
PGF,NRP2,Pgf,Nrp2
PIGF,FLT1,Pigf,Flt1
PIP,CD4,Pip,Cd4
PLA2G10,PLA2R1,Pla2g10,Pla2r1
PLAU,IGF2R,Plau,Igf2r
PLAU,LRP2,Plau,Lrp2
PLAU,ST14,Plau,St14
PLG,F2R,Plg,F2r
PLG,F2RL1,Plg,F2rl1
PLG,F3,Plg,F3
PLG,PLGRKT,Plg,Plgrkt
PLTP,ABCA1,Pltp,Abca1
PODXL,SELL,Podxl,Sell
PON2,HTR2A,Pon2,Htr2a
PROC,THBD,Proc,Thbd
PRSS23,TMEM222,Prss23,Tmem222
PSAP,CD1B,Psap,Cd1b
PSAP,CELSR1,Psap,Celsr1
PSEN1,NOTCH1,Psen1,Notch1
PSEN1,NOTCH2,Psen1,Notch2
PSEN1,NOTCH3,Psen1,Notch3
PSEN1,NOTCH4,Psen1,Notch4
PSPN,GFRA1,Pspn,Gfra1
PTGS2,CAV1,Ptgs2,Cav1
PTMA,VIPR1,Ptma,Vipr1
PTN,ALK,Ptn,Alk
PTN,CDH10,Ptn,Cdh10
PTN,PLXNB2,Ptn,Plxnb2
PTN,PTPRS,Ptn,Ptprs
PTN,SDC1,Ptn,Sdc1
PTN,SDC3,Ptn,Sdc3
PYY,FAP,Pyy,Fap
RAET1E,KLRK1,Raet1e,Klrk1
RARRES2,CCRL2,Rarres2,Ccrl2
RBP3,NOTCH1,Rbp3,Notch1
RBP4,STRA6,Rbp4,Stra6
RGMB,NEO1,Rgmb,Neo1
RIMS1,CACNA1C,Rims1,Cacna1c
RIMS2,ABCA1,Rims2,Abca1
RNASE2,TLR2,Rnase2,Tlr2
RPH3A,NRXN1,Rph3a,Nrxn1
RSPO1,ZNRF3,Rspo1,Znrf3
RSPO3,FZD8,Rspo3,Fzd8
RSPO3,LRP6,Rspo3,Lrp6
RSPO3,SDC4,Rspo3,Sdc4
RTN4,CNTNAP1,Rtn4,Cntnap1
S100A8,TLR4,S100a8,Tlr4
S100A9,TLR4,S100a9,Tlr4
SAA1,FPR1,Saa1,Fpr1
SCGB1A1,LMBR1L,Scgb1a1,Lmbr1l
SCGB1A1,LRP2,Scgb1a1,Lrp2
SCGB3A1,MARCO,Scgb3a1,Marco
SCGB3A2,MARCO,Scgb3a2,Marco
SCT,VIPR1,Sct,Vipr1
SCT,VIPR2,Sct,Vipr2
SELPLG,SELL,Selplg,Sell
SEMA3A,NRP2,Sema3a,Nrp2
SEMA3B,NRP2,Sema3b,Nrp2
SEMA3C,NRP1,Sema3c,Nrp1
SEMA3C,PLXND1,Sema3c,Plxnd1
SEMA3D,NRP1,Sema3d,Nrp1
SEMA3F,NRP1,Sema3f,Nrp1
SEMA3G,NRP2,Sema3g,Nrp2
SEMA4A,PLXND1,Sema4a,Plxnd1
SEMA4B,DCBLD2,Sema4b,Dcbld2
SEMA4C,PLXNB2,Sema4c,Plxnb2
SEMA4D,CD72,Sema4d,Cd72
SEMA4D,ERBB2,Sema4d,Erbb2
SEMA4F,NRP2,Sema4f,Nrp2
SEMA4G,PLXNB2,Sema4g,Plxnb2
SEMA6A,PLXNA2,Sema6a,Plxna2
SEMA6A,PLXNA4,Sema6a,Plxna4
SEMA6D,TREM2,Sema6d,Trem2
SEMA6D,TYROBP,Sema6d,Tyrobp
SEMA7A,ITGA1,Sema7a,Itga1
SEMA7A,ITGB1,Sema7a,Itgb1
SERPINA7,SLC16A2,Serpina7,Slc16a2
SERPINC1,SDC2,Serpinc1,Sdc2
SERPINE1,LRP2,Serpine1,Lrp2
SERPING1,SELE,Serping1,Sele
SERPING1,SELP,Serping1,Selp
SFRP1,FZD2,Sfrp1,Fzd2
SFRP1,FZD6,Sfrp1,Fzd6
SFTPA1,TLR2,Sftpa1,Tlr2
SFTPA2,CD93,Sftpa2,Cd93
SHANK1,ABCA1,Shank1,Abca1
SHANK1,BAI2,Shank1,Bai2
SHANK1,LPHN2,Shank1,Lphn2
SHANK1,SSTR2,Shank1,Sstr2
SHBG,CD177,Shbg,Cd177
SHBG,CLDN4,Shbg,Cldn4
SHBG,SLC37A1,Shbg,Slc37a1
SHH,GPC5,Shh,Gpc5
SHH,LRP2,Shh,Lrp2
SHH,PTCH2,Shh,Ptch2
SLIT3,ROBO2,Slit3,Robo2
SORBS1,INSR,Sorbs1,Insr
SPINK1,EGFR,Spink1,Egfr
SPINK1,NRSN1,Spink1,Nrsn1
SPINT1,ST14,Spint1,St14
SPP1,ITGA4,Spp1,Itga4
SPP1,ITGA5,Spp1,Itga5
SPP1,ITGA9,Spp1,Itga9
SPP1,ITGB1,Spp1,Itgb1
SPP1,S1PR1,Spp1,S1pr1
SYTL3,NRXN1,Sytl3,Nrxn1
TAC4,TACR2,Tac4,Tacr2
TCTN1,TMEM67,Tctn1,Tmem67
TDGF1,ACVR1B,Tdgf1,Acvr1b
TDGF1,ACVR1C,Tdgf1,Acvr1c
TF,TFR2,Tf,Tfr2
TGFA,ERBB2,Tgfa,Erbb2
TGFA,ERBB4,Tgfa,Erbb4
TGFB1,ENG,Tgfb1,Eng
TGFB1,ITGAV,Tgfb1,Itgav
TGFB1,ITGB6,Tgfb1,Itgb6
TGFB1,ITGB8,Tgfb1,Itgb8
TGFB1,SDC2,Tgfb1,Sdc2
TGFB2,ENG,Tgfb2,Eng
TGFB3,ENG,Tgfb3,Eng
TGM2,ITGB1,Tgm2,Itgb1
TGM2,ITGB3,Tgm2,Itgb3
TGM2,SDC4,Tgm2,Sdc4
TG,ASGR1,Tg,Asgr1
TG,LRP2,Tg,Lrp2
THBS1,ITGA2B,Thbs1,Itga2b
THBS1,ITGA3,Thbs1,Itga3
THBS1,ITGA4,Thbs1,Itga4
THBS1,ITGA6,Thbs1,Itga6
THBS1,ITGB1,Thbs1,Itgb1
THBS1,ITGB3,Thbs1,Itgb3
THBS1,LRP1,Thbs1,Lrp1
THBS1,LRP5,Thbs1,Lrp5
THBS1,TNFRSF11B,Thbs1,Tnfrsf11b
THBS2,ITGA4,Thbs2,Itga4
THBS2,ITGA6,Thbs2,Itga6
THBS2,ITGB1,Thbs2,Itgb1
THBS2,NOTCH3,Thbs2,Notch3
TIMP1,CD63,Timp1,Cd63
TIMP2,ITGA3,Timp2,Itga3
TIMP2,ITGB1,Timp2,Itgb1
TIMP3,AGTR2,Timp3,Agtr2
TIMP3,KDR,Timp3,Kdr
TNC,CNTN1,Tnc,Cntn1
TNC,EGFR,Tnc,Egfr
TNC,ITGA5,Tnc,Itga5
TNC,ITGA7,Tnc,Itga7
TNC,ITGB1,Tnc,Itgb1
TNC,PTPRB,Tnc,Ptprb
TNFSF13,FAS,Tnfsf13,Fas
TNFSF13,SDC2,Tnfsf13,Sdc2
TNFSF13,TNFRSF11B,Tnfsf13,Tnfrsf11b
TNFSF13,TNFRSF14,Tnfsf13,Tnfrsf14
TNFSF13,TNFRSF1A,Tnfsf13,Tnfrsf1a
TNFSF15,TNFRSF6B,Tnfsf15,Tnfrsf6b
TNFSF4,TRAF2,Tnfsf4,Traf2
TNFSF9,TRAF2,Tnfsf9,Traf2
TNF,TRAF2,Tnf,Traf2
TSLP,IL7R,Tslp,Il7r
UCN2,IL10RB,Ucn2,Il10rb
UCN3,CRHR1,Ucn3,Crhr1
UCN3,IL10RB,Ucn3,Il10rb
VASP,CXCR2,Vasp,Cxcr2
VCAM1,ITGB7,Vcam1,Itgb7
VCAN,CD44,Vcan,Cd44
VCAN,EGFR,Vcan,Egfr
VCAN,ITGA4,Vcan,Itga4
VCAN,ITGB1,Vcan,Itgb1
VCAN,SELP,Vcan,Selp
VCAN,TLR2,Vcan,Tlr2
VEGFA,EPHB2,Vegfa,Ephb2
VEGFA,GPC1,Vegfa,Gpc1
VIM,CD44,Vim,Cd44
VTN,ITGA8,Vtn,Itga8
VTN,ITGAV,Vtn,Itgav
VTN,ITGB6,Vtn,Itgb6
VTN,ITGB8,Vtn,Itgb8
VTN,PLAUR,Vtn,Plaur
VTN,PVR,Vtn,Pvr
VTN,TNFRSF11B,Vtn,Tnfrsf11b
VWF,GP1BA,Vwf,Gp1ba
VWF,ITGA2B,Vwf,Itga2b
VWF,TNFRSF11B,Vwf,Tnfrsf11b
WNT1,LRP5,Wnt1,Lrp5
WNT1,LRP6,Wnt1,Lrp6
WNT2,FZD1,Wnt2,Fzd1
WNT2,FZD5,Wnt2,Fzd5
WNT2,FZD7,Wnt2,Fzd7
WNT2,FZD8,Wnt2,Fzd8
WNT2,FZD9,Wnt2,Fzd9
WNT3A,APCDD1,Wnt3a,Apcdd1
WNT3A,FZD1,Wnt3a,Fzd1
WNT3A,FZD2,Wnt3a,Fzd2
WNT3A,FZD5,Wnt3a,Fzd5
WNT3A,FZD7,Wnt3a,Fzd7
WNT3A,FZD8,Wnt3a,Fzd8
WNT3A,LRP1,Wnt3a,Lrp1
WNT3A,LRP6,Wnt3a,Lrp6
WNT3A,RYK,Wnt3a,Ryk
WNT3,FZD1,Wnt3,Fzd1
WNT3,FZD7,Wnt3,Fzd7
WNT5A,FZD1,Wnt5a,Fzd1
WNT5A,FZD5,Wnt5a,Fzd5
WNT5A,FZD8,Wnt5a,Fzd8
WNT5A,LRP5,Wnt5a,Lrp5
WNT5A,MCAM,Wnt5a,Mcam
WNT5A,ROR1,Wnt5a,Ror1
WNT5A,ROR2,Wnt5a,Ror2
WNT7A,FZD10,Wnt7a,Fzd10
WNT7A,FZD9,Wnt7a,Fzd9
ZG16B,CXCR4,Zg16b,Cxcr4
ZG16B,TLR2,Zg16b,Tlr2
ZG16B,TLR4,Zg16b,Tlr4
ZG16B,TLR5,Zg16b,Tlr5
ZG16B,TLR6,Zg16b,Tlr6
